date,home,away,home_score,away_score
2025-08-21,Galloway Westland (OH),Columbus Centennial (OH),49,0
2025-08-22,Akron Archbishop Hoban (OH),Columbus Harvest Prep (OH),31,12
2025-08-22,Antwerp (OH),Montpelier (OH),16,24
2025-08-22,Auburndale (WI),Spencer (WI),35,27
2025-08-22,Cincinnati Elder (OH),Lanham Mt. Zion Prep (MD),34,0
2025-08-22,Edgerton (OH),Edon (OH),41,14
2025-08-22,Elmore Woodmore (OH),Pioneer North Central (OH),57,0
2025-08-22,Garfield Heights (OH),Rocky River Lutheran West (OH),55,8
2025-08-22,Hammond Morton (IN),Portage (IN),35,7
2025-08-22,Howards Grove (WI),Milwaukee King (WI),20,14
2025-08-22,LaGrange Prairie Heights (IN),Whitko (IN),22,30
2025-08-22,Marinette (WI),Clintonville (WI),51,6
2025-08-22,Morral Ridgedale (OH),West Unity Hilltop (OH),28,14
2025-08-22,St John Lake Central (IN),Munster (IN),45,28
2025-08-22,Toledo Ottawa Hills (OH),Gibsonburg (OH),14,49
2025-08-22,Toledo St Francis De Sales (OH),Toledo MR Waite (OH),64,19
2025-08-22,Toledo Whitmer (OH),Dublin Coffman (OH),30,0
2025-08-23,Cincinnati Moeller (OH),Cincinnati Princeton (OH),41,20
2025-08-23,Clarkson Football North (CN),Harrisburg Bishop McDevitt (PA),27,7
2025-08-28,Lake Orion,Northville,13,14
2025-08-28,Flint Beecher,Petersburg Summerfield,14,55
2025-08-28,Reese,Millington,12,35
2025-08-28,Belleville,Clarkston,7,38
2025-08-28,Addison,Clinton Township Clintondale,18,20
2025-08-28,Adrian,Dundee,21,0
2025-08-28,Adrian Madison,Grass Lake,56,0
2025-08-28,Allen Park Cabrini,Detroit Northwestern,41,8
2025-08-28,Allendale,Holland Christian,24,32
2025-08-28,Almont,Marysville,24,21
2025-08-28,Ann Arbor Father Gabriel Richard,Lutheran Westland,57,13
2025-08-28,Ann Arbor Huron,Flint Kearsley,47,6
2025-08-28,Ann Arbor Pioneer,Flushing,27,24
2025-08-28,Battle Creek Harper Creek,Battle Creek Lakeview,42,0
2025-08-28,Battle Creek Pennfield,Otsego,26,32
2025-08-28,Bay City John Glenn,South Lyon East,24,17
2025-08-28,Bay City Western,Holly,34,0
2025-08-28,Belding,Ionia,63,7
2025-08-28,Benton Harbor,Battle Creek Central,0,52
2025-08-28,Benzie Central,Frankfort,13,20
2025-08-28,Berkley,Livonia Franklin,7,34
2025-08-28,Berrien Springs,Kalamazoo Hackett Catholic Prep,20,13
2025-08-28,Birmingham Groves,Detroit U of D Jesuit,42,7
2025-08-28,Blissfield,Ottawa Lake Whiteford,0,56
2025-08-28,Bridgeport,Caro,0,66
2025-08-28,Brighton,Dexter,27,50
2025-08-28,Brooklyn Columbia Central,Napoleon,29,48
2025-08-28,Brownstown Woodhaven,Southgate Anderson,28,0
2025-08-28,Burton Bentley,Auburn Hills Oakland Christian,14,26
2025-08-28,Cadillac,Midland,21,35
2025-08-28,Caledonia,Windsor Holy Names (CN),36,0
2025-08-28,Carrollton,Birch Run,8,49
2025-08-28,Cassopolis,Galesburg-Augusta,20,62
2025-08-28,Cedar Springs,Auburn Hills Avondale,57,7
2025-08-28,Center Line Prep Academy,Dearborn Heights Robichaud,0,40
2025-08-28,Centreville,Schoolcraft,13,14
2025-08-28,Charlotte,Three Rivers,32,33
2025-08-28,Coldwater,Sturgis,44,6
2025-08-28,Coopersville,Ludington,13,40
2025-08-28,Croswell-Lexington,Saginaw Swan Valley,35,55
2025-08-28,Dearborn Divine Child,Detroit Mumford,56,0
2025-08-28,Dearborn Edsel Ford,Garden City,14,21
2025-08-28,Delton Kellogg,Constantine,6,40
2025-08-28,Detroit Central,Pontiac Notre Dame Prep,0,55
2025-08-28,Detroit Denby,Chelsea,26,41
2025-08-28,Detroit Osborn,Detroit University Prep,18,14
2025-08-28,Detroit Southeastern,Detroit Edison,0,20
2025-08-28,Detroit University Prep Science & Math,Romulus Summit Academy North,6,42
2025-08-28,Detroit Western,Detroit Communication Media Arts,14,46
2025-08-28,DeWitt,Haslett,21,3
2025-08-28,East Grand Rapids,Lowell,7,40
2025-08-28,Eaton Rapids,Lansing Eastern,13,22
2025-08-28,Ecorse,Whitmore Lake,16,8
2025-08-28,Elkton-Pigeon-Bay Port Laker,Ubly,14,0
2025-08-28,Escanaba,Kingsford,21,18
2025-08-28,Essexville Garber,Hemlock,20,18
2025-08-28,Farwell,Hesperia,42,21
2025-08-28,Flint Carman-Ainsworth,Bay City Central,16,41
2025-08-28,Flint Hamady,Ogemaw Heights,8,56
2025-08-28,Fowlerville,Corunna,40,14
2025-08-28,Fraser,Rochester,0,34
2025-08-28,Fremont,Hopkins,14,29
2025-08-28,Fruitport,Spring Lake,14,42
2025-08-28,Gaylord,North Branch,21,14
2025-08-28,Gibraltar Carlson,Wyandotte Roosevelt,42,21
2025-08-28,Gladwin,Flat Rock,26,43
2025-08-28,Goodrich,Frankenmuth,17,14
2025-08-28,Grand Haven,Stevensville Lakeshore,38,0
2025-08-28,Grand Rapids Forest Hills Northern,Grand Rapids Kenowa Hills,28,31
2025-08-28,Grand Rapids Ottawa Hills,Holland,12,47
2025-08-28,Grandville,Muskegon,44,40
2025-08-28,Grayling,Clare,21,39
2025-08-28,Grosse Ile,Ida,7,48
2025-08-28,Grosse Pointe South,Detroit Renaissance,49,0
2025-08-28,Hamtramck,Warren De La Salle Collegiate,8,64
2025-08-28,Hanover-Horton,Monroe Jefferson,28,42
2025-08-28,Harbor Springs,Morley Stanwood,18,16
2025-08-28,Hazel Park,Detroit Loyola,28,22
2025-08-28,Holland West Ottawa,Grand Ledge,27,30
2025-08-28,Homer,Comstock,34,8
2025-08-28,Houghton Lake,Central Montcalm,16,36
2025-08-28,Howard City Tri County,Ovid-Elsie,24,15
2025-08-28,Hudson,Fowler,44,8
2025-08-28,Hudsonville,Byron Center,27,21
2025-08-28,Imlay City,Flint Powers Catholic,14,13
2025-08-28,Iron Mountain,Houghton,41,22
2025-08-28,Ishpeming Westwood,Bark River-Harris,38,52
2025-08-28,Ithaca,St Louis,57,0
2025-08-28,Jenison,Kalamazoo Central,28,7
2025-08-28,Johannesburg-Lewiston,Burton Bendle,34,36
2025-08-28,Jonesville,Hillsdale,28,14
2025-08-28,Kalamazoo Loy Norrix,Jackson Northwest,17,27
2025-08-28,Kalkaska,Elk Rapids,10,0
2025-08-28,Kent City,Newaygo,42,22
2025-08-28,Laingsburg,Saginaw Michigan Lutheran Seminary,0,42
2025-08-28,Lake City,Hart,6,38
2025-08-28,Lake Fenton,New Boston Huron,50,36
2025-08-28,Lake Odessa Lakewood,Wyoming Godwin Heights,8,38
2025-08-28,Lakeview,Mason County Central,0,35
2025-08-28,Lansing Sexton,Lansing Everett,14,24
2025-08-28,Lansing Waverly,Wayland,28,50
2025-08-28,LeRoy Pine River,Harrison,24,30
2025-08-28,Leslie,Stockbridge,44,22
2025-08-28,Linden,Harrison Township L'Anse Creuse,47,14
2025-08-28,Livonia Clarenceville,Melvindale,40,14
2025-08-28,Macomb Dakota,Bloomfield Hills Brother Rice,14,10
2025-08-28,Macomb Lutheran North,Macomb L'Anse Creuse North,28,20
2025-08-28,Madison Heights Lamphere,Ferndale,17,14
2025-08-28,Madison Heights Madison,Madison Heights Bishop Foley,64,16
2025-08-28,Mancelona,Tawas,30,8
2025-08-28,Marlette,Manchester,16,6
2025-08-28,Mason,Holt,19,0
2025-08-28,Melvindale Academy for Business & Tech,Genesee,26,14
2025-08-28,Michigan Center,Onsted,42,0
2025-08-28,Middleville Thornapple Kellogg,Hastings,29,31
2025-08-28,Midland Dow,Fenton,38,6
2025-08-28,Milford,Walled Lake Western,26,51
2025-08-28,Monroe,Plymouth,0,7
2025-08-28,Monroe St Mary Catholic Central,Clinton,42,6
2025-08-28,Montague,Ada Forest Hills Eastern,14,26
2025-08-28,Mt Morris,Clio,20,54
2025-08-28,Muskegon Catholic Central,New Lothrop,7,35
2025-08-28,Muskegon Mona Shores,Grand Blanc,20,35
2025-08-28,Muskegon Oakridge,Muskegon Orchard View,29,14
2025-08-28,Negaunee,Marquette,30,22
2025-08-28,Niles Brandywine,Hartford,8,52
2025-08-28,North Farmington,Livonia Stevenson,20,7
2025-08-28,North Muskegon,Pewamo-Westphalia,6,35
2025-08-28,Novi,Traverse City Central,3,46
2025-08-28,Okemos,Ypsilanti Lincoln,14,42
2025-08-28,Olivet,Mount Pleasant Sacred Heart,57,13
2025-08-28,Ortonville Brandon,Flint Southwestern,62,0
2025-08-28,Otisville LakeVille Memorial,Bath,21,0
2025-08-28,Owosso,Pinckney,21,12
2025-08-28,Parchment,Union City,14,16
2025-08-28,Parma Western,Jackson,27,20
2025-08-28,Pinconning,Detroit Voyageur College Prep,27,42
2025-08-28,Pontiac,Arts & Technology Academy of Pontiac,20,6
2025-08-28,Port Huron,New Baltimore Anchor Bay,0,32
2025-08-28,Portage Central,East Lansing,45,0
2025-08-28,Portage Northern,Orchard Lake St Mary's,0,41
2025-08-28,Portland,Detroit Country Day,30,6
2025-08-28,Quincy,East Jackson,64,6
2025-08-28,Reading,White Pigeon,0,38
2025-08-28,Remus Chippewa Hills,Manistee,15,42
2025-08-28,Richland Gull Lake,Marshall,14,42
2025-08-28,River Rouge,Westland John Glenn,13,7
2025-08-28,Riverview,Utica Eisenhower,16,32
2025-08-28,Riverview Gabriel Richard,Montrose,0,36
2025-08-28,Rochester Adams,Romeo,39,7
2025-08-28,Rochester Hills Lutheran Northwest,Saginaw Valley Lutheran,0,20
2025-08-28,Rochester Hills Stoney Creek,Warren Cousino,42,28
2025-08-28,Rockford,Saline,28,37
2025-08-28,Romulus,Wayne Memorial,26,35
2025-08-28,Roscommon,Oscoda,14,32
2025-08-28,Roseville,Davison,21,38
2025-08-28,Royal Oak,St Clair Shores Lake Shore,17,7
2025-08-28,Royal Oak Shrine Catholic,Bloomfield Hills Cranbrook Kingswood,26,27
2025-08-28,Saginaw Heritage,Mount Pleasant,13,35
2025-08-28,Saginaw Nouvel Catholic Central,Sandusky,14,0
2025-08-28,Saginaw United,Freeland,0,35
2025-08-28,Salem,Utica Ford,54,0
2025-08-28,Sanford Meridian,Midland Bullock Creek,12,18
2025-08-28,Saranac,Vermontville Maple Valley,34,6
2025-08-28,Saugatuck,Buchanan,14,36
2025-08-28,Shepherd,Alma,17,7
2025-08-28,South Haven,Dowagiac,9,35
2025-08-28,Springport,Dansville,51,0
2025-08-28,St Clair,Richmond,19,49
2025-08-28,St Clair Shores Lakeview,Lapeer,21,7
2025-08-28,St Johns,Hamilton,22,14
2025-08-28,Sterling Heights,Ypsilanti Community,6,54
2025-08-28,Sterling Heights Stevenson,Temperance Bedford,41,0
2025-08-28,Taylor,Lincoln Park,22,32
2025-08-28,Tecumseh,Carleton Airport,42,16
2025-08-28,Traverse City West,Howell,13,23
2025-08-28,Troy,Bloomfield Hills,17,13
2025-08-28,Troy Athens,Birmingham Seaholm,28,31
2025-08-28,Utica,Grosse Pointe North,47,14
2025-08-28,Vandercook Lake,Sand Creek,21,14
2025-08-28,Vassar,Burton Atherton,52,19
2025-08-28,Vicksburg,Mattawan,41,14
2025-08-28,Walled Lake Central,Waterford Kettering,46,29
2025-08-28,Warren Fitzgerald,Warren Mott,39,37
2025-08-28,Warren Lincoln,Southfield Bradford Academy,1,0
2025-08-28,Warren Woods Tower,St Clair Shores South Lake,24,14
2025-08-28,Waterford Mott,Walled Lake Northern,0,1
2025-08-28,Waterford Our Lady of the Lakes,New Haven,22,0
2025-08-28,Watervliet,Coloma,18,50
2025-08-28,West Bloomfield,Dearborn Fordson,37,0
2025-08-28,West Iron County,Calumet,0,41
2025-08-28,White Cloud,Shelby,0,57
2025-08-28,White Lake Lakeland,South Lyon,14,42
2025-08-28,Whitehall,Hudsonville Unity Christian,14,55
2025-08-28,Williamston,Lansing Catholic,46,14
2025-08-28,Wyoming,Sparta,0,28
2025-08-28,Wyoming Kelloggsville,Grant,43,14
2025-08-28,Wyoming Lee,Comstock Park,0,1
2025-08-28,Zeeland East,Grand Rapids Union,34,8
2025-08-29,Allen Park,Trenton,47,27
2025-08-29,Detroit Cass Tech,Toledo Central Catholic (OH),28,27
2025-08-29,Flint New Standard Academy,Erie Mason,46,20
2025-08-29,Alpena,Boyne City,13,18
2025-08-29,Ann Arbor Skyline,Dearborn Heights Annapolis,64,0
2025-08-29,Armada,Marine City,21,14
2025-08-29,Auburndale (WI),Marathon (WI),14,12
2025-08-29,Beaverton,Evart,38,36
2025-08-29,Bronson,LaGrange Prairie Heights (IN),31,16
2025-08-29,Center Line,Detroit Henry Ford,34,26
2025-08-29,Cheboygan,Sault Ste Marie,19,7
2025-08-29,Cincinnati Elder (OH),Park Hills Covington Catholic (KY),28,20
2025-08-29,Clarkston Everest Collegiate,Warren Michigan Collegiate,6,32
2025-08-29,Detroit Catholic Central,Clinton Township Chippewa Valley,41,7
2025-08-29,Detroit Douglass,Detroit Community,0,24
2025-08-29,Detroit East English,Detroit Cody,19,20
2025-08-29,Detroit Leadership Academy,Detroit Pershing,0,38
2025-08-29,Galloway Westland (OH),Grove City HS (OH),41,45
2025-08-29,Gladstone,Durand,22,28
2025-08-29,Grand Rapids Christian,Grand Rapids South Christian,13,27
2025-08-29,Grand Rapids West Catholic,Grand Rapids Northview,21,32
2025-08-29,Greenville,Petoskey,13,21
2025-08-29,Hammond Morton (IN),Chesterton (IN),19,20
2025-08-29,Harbor Beach,Cass City,42,8
2025-08-29,Harper Woods Chandler Park,Eastpointe,45,6
2025-08-29,Howards Grove (WI),Jackson Living Word Lutheran (WI),38,19
2025-08-29,Lombard Montini (IL),Jackson Lumen Christi,20,16
2025-08-29,Marine City Cardinal Mooney,Algonac,0,36
2025-08-29,Marinette (WI),Menominee,13,49
2025-08-29,McBain,Edwardsburg,21,28
2025-08-29,Metamora Evergreen (OH),Toledo Ottawa Hills (OH),42,0
2025-08-29,Montpelier (OH),Elmore Woodmore (OH),6,48
2025-08-29,Morris (IL),Wilmington (IL),27,20
2025-08-29,New Lenox Lincoln Way West (IL),Blue Island Eisenhower (IL),47,7
2025-08-29,Niles,St Joseph,28,18
2025-08-29,Oxford,Hartland,23,7
2025-08-29,Pioneer North Central (OH),Paulding (OH),0,61
2025-08-29,Plainwell,Allegan,21,7
2025-08-29,Redford Union,Harper Woods,0,40
2025-08-29,Redford Westfield Prep,Milan,0,43
2025-08-29,Southfield Arts & Technology,East Kentwood,8,43
2025-08-29,Toledo St Francis De Sales (OH),Fort Wayne Bishop Dwenger (IN),15,31
2025-08-29,Toledo St John's Jesuit (OH),Whitehouse Anthony Wayne (OH),24,28
2025-08-29,Toledo Whitmer (OH),Detroit Martin Luther King,7,32
2025-08-29,Traverse City St Francis,Maple City Glen Lake,30,6
2025-08-29,Vestaburg,Manton,0,44
2025-08-29,West Chicago Wheaton Academy (IL),Chicago Providence Catholic (IL),14,49
2025-08-29,Zeeland West,Detroit Old Redford,44,0
2025-08-30,Akron Archbishop Hoban (OH),Archbishop Spalding (MD),28,58
2025-08-30,Cincinnati Moeller (OH),Chicago Mt Carmel (IL),42,43
2025-08-30,Edon (OH),Antwerp (OH),31,19
2025-08-30,Garfield Heights (OH),Erie (PA),14,12
2025-08-30,West Unity Hilltop (OH),Edgerton (OH),0,42
2025-09-04,Detroit Central,Detroit East English,14,6
2025-09-04,Detroit Mumford,Flint Hamady,0,38
2025-09-04,Detroit Renaissance,Kalamazoo Central,0,37
2025-09-04,Detroit Southeastern,Detroit Pershing,22,0
2025-09-04,Detroit Western,Detroit Douglass,28,6
2025-09-05,Ada Forest Hills Eastern,Greenville,42,14
2025-09-05,Adrian Madison,Clinton,27,49
2025-09-05,Akron Archbishop Hoban (OH),Detroit Martin Luther King,23,21
2025-09-05,Algonac,North Branch,6,49
2025-09-05,Allegan,Delton Kellogg,27,22
2025-09-05,Allen Park,Taylor,41,12
2025-09-05,Allen Park Cabrini,Sterling Heights Parkway Christian,42,6
2025-09-05,Almont,Imlay City,31,14
2025-09-05,Armada,Croswell-Lexington,34,12
2025-09-05,Auburn Hills Oakland Christian,Marine City Cardinal Mooney,38,2
2025-09-05,Auburndale (WI),Edgar (WI),0,27
2025-09-05,Bay City John Glenn,Alma,41,0
2025-09-05,Bay City Western,Petoskey,38,32
2025-09-05,Beal City,Manton,35,0
2025-09-05,Belding,Reed City,0,24
2025-09-05,Berkley,Oak Park,0,32
2025-09-05,Big Rapids,Fruitport,39,7
2025-09-05,Birch Run,Montrose,0,42
2025-09-05,Birmingham Groves,Oxford,21,24
2025-09-05,Birmingham Seaholm,Auburn Hills Avondale,44,6
2025-09-05,Blissfield,Hillsdale,47,28
2025-09-05,Bloomfield Hills,Royal Oak,42,7
2025-09-05,Bloomfield Hills Cranbrook Kingswood,Owosso,19,47
2025-09-05,Boyne City,Elk Rapids,36,0
2025-09-05,Brownstown Woodhaven,Ann Arbor Huron,38,14
2025-09-05,Burton Bendle,Burton Atherton,28,15
2025-09-05,Caledonia,Muskegon Reeths-Puffer,56,21
2025-09-05,Calumet,Ishpeming Westwood,55,6
2025-09-05,Canton,Brighton,0,48
2025-09-05,Cass City,Hemlock,54,0
2025-09-05,Cassopolis,Comstock,41,12
2025-09-05,Cedar Springs,Battle Creek Harper Creek,30,20
2025-09-05,Centreville,Stockbridge,39,24
2025-09-05,Charlevoix,Cheboygan,19,6
2025-09-05,Charlotte,Eaton Rapids,48,14
2025-09-05,Cincinnati Elder (OH),Springboro (OH),21,7
2025-09-05,Cincinnati Moeller (OH),Louisville Trinity (KY),24,21
2025-09-05,Clare,Ortonville Brandon,43,20
2025-09-05,Clarkston,Harper Woods,21,27
2025-09-05,Clawson,Center Line,14,24
2025-09-05,Clinton Township Clintondale,Eastpointe,50,8
2025-09-05,Coloma,Buchanan,14,38
2025-09-05,Corunna,Linden,13,39
2025-09-05,Dansville,Bath,0,42
2025-09-05,Davison,Warren De La Salle Collegiate,23,21
2025-09-05,Dearborn,Livonia Churchill,26,20
2025-09-05,Dearborn Divine Child,Lake Fenton,35,0
2025-09-05,Dearborn Edsel Ford,Gibraltar Carlson,0,68
2025-09-05,Dearborn Fordson,Belleville,18,28
2025-09-05,Dearborn Heights Annapolis,Garden City,6,43
2025-09-05,Dearborn Heights Crestwood,Redford Thurston,16,14
2025-09-05,Decatur,Bronson,26,20
2025-09-05,Detroit Cass Tech,Grandville,31,28
2025-09-05,Detroit Community,Mount Clemens,16,14
2025-09-05,Detroit Henry Ford,Detroit University Prep Science & Math,14,13
2025-09-05,Detroit Leadership Academy,Southfield Bradford Academy,12,36
2025-09-05,Detroit U of D Jesuit,Bloomfield Hills Brother Rice,7,35
2025-09-05,Detroit University Prep,Detroit Cody,0,16
2025-09-05,Detroit Voyageur College Prep,Detroit Lincoln-King,18,6
2025-09-05,DeWitt,Mason,44,37
2025-09-05,Durand,New Lothrop,40,33
2025-09-05,East Kentwood,Byron Center,43,14
2025-09-05,East Lansing,Hudsonville,6,37
2025-09-05,Ecorse,Detroit Old Redford,22,14
2025-09-05,Elkton-Pigeon-Bay Port Laker,Vassar,36,0
2025-09-05,Escanaba,Cadillac,36,7
2025-09-05,Farwell,Detroit Osborn,58,0
2025-09-05,Fenton,Haslett,14,15
2025-09-05,Flat Rock,Monroe St Mary Catholic Central,20,36
2025-09-05,Flint Carman-Ainsworth,Grand Blanc,6,56
2025-09-05,Flint Powers Catholic,Essexville Garber,23,24
2025-09-05,Flint Southwestern,Pinconning,6,45
2025-09-05,Flushing,Zeeland East,13,14
2025-09-05,Frankenmuth,Saginaw Swan Valley,21,14
2025-09-05,Fraser,Sterling Heights,38,8
2025-09-05,Freeland,Bridgeport,60,0
2025-09-05,Galesburg-Augusta,Plainwell,20,34
2025-09-05,Galloway Westland (OH),Grove City Central Crossing (OH),33,0
2025-09-05,Genesee,Flint New Standard Academy,20,16
2025-09-05,Grand Ledge,Battle Creek Lakeview,35,6
2025-09-05,Grand Rapids Catholic Central,Hamilton St Thomas More (CN),35,10
2025-09-05,Grand Rapids Forest Hills Central,Portage Central,0,41
2025-09-05,Grand Rapids Kenowa Hills,Paw Paw,48,27
2025-09-05,Grand Rapids Northview,Vicksburg,23,21
2025-09-05,Grand Rapids Ottawa Hills,Kalamazoo Loy Norrix,8,37
2025-09-05,Grand Rapids South Christian,East Grand Rapids,0,21
2025-09-05,Grand Rapids West Catholic,Coopersville,34,0
2025-09-05,Grass Lake,Jonesville,34,38
2025-09-05,Grayling,Benzie Central,35,6
2025-09-05,Gwinn,Manistique,0,1
2025-09-05,Hamilton,Middleville Thornapple Kellogg,27,28
2025-09-05,Hammond Morton (IN),Alan b. Shepard HS (IL),42,20
2025-09-05,Hamtramck,Redford Westfield Prep,29,6
2025-09-05,Hancock,Menominee,0,1
2025-09-05,Harrison Township L'Anse Creuse,Utica Eisenhower,7,33
2025-09-05,Hart,Ravenna,16,8
2025-09-05,Hartford,White Pigeon,0,42
2025-09-05,Hartland,Novi,30,0
2025-09-05,Hastings,Williamston,29,36
2025-09-05,Hesperia,Grant,0,35
2025-09-05,Holland,South Haven,26,23
2025-09-05,Holland Christian,Comstock Park,35,19
2025-09-05,Holly,Farmington,20,18
2025-09-05,Holt,Swartz Creek,41,0
2025-09-05,Homer,Wyoming,14,16
2025-09-05,Hopkins,Parchment,42,8
2025-09-05,Houghton Lake,Evart,14,8
2025-09-05,Howard City Tri County,Sanford Meridian,34,20
2025-09-05,Howards Grove (WI),Manitowoc Roncalli HS (WI),16,50
2025-09-05,Howell,Salem,35,20
2025-09-05,Ionia,St Johns,16,49
2025-09-05,Iron Mountain,Bark River-Harris,22,30
2025-09-05,Jackson,Chelsea,12,35
2025-09-05,Jackson Lumen Christi,Pontiac Notre Dame Prep,54,34
2025-09-05,Jackson Northwest,Adrian,21,24
2025-09-05,Johannesburg-Lewiston,East Jordan,0,51
2025-09-05,Kalamazoo Hackett Catholic Prep,Allendale,20,6
2025-09-05,Kingsley,Gaylord,14,21
2025-09-05,L'Anse,West Iron County,20,14
2025-09-05,LaGrange Prairie Heights (IN),LaGrange Lakeland (IN),6,40
2025-09-05,Laingsburg,Fowler,7,48
2025-09-05,Lake Odessa Lakewood,Benton Harbor,56,6
2025-09-05,Lake Orion,Rochester Hills Stoney Creek,20,29
2025-09-05,Lansing Catholic,Olivet,10,34
2025-09-05,Lansing Eastern,Clio,13,34
2025-09-05,Lansing Everett,Battle Creek Central,36,29
2025-09-05,Lansing Sexton,Portland,12,49
2025-09-05,Lansing Waverly,Constantine,6,36
2025-09-05,Lapeer,Goodrich,14,21
2025-09-05,Lawton,Ithaca,7,36
2025-09-05,Leslie,Addison,34,8
2025-09-05,Livonia Clarenceville,Macomb Lutheran North,0,32
2025-09-05,Livonia Franklin,Westland John Glenn,19,14
2025-09-05,Lombard Montini (IL),Country Club Hills Hillcrest (IL),35,12
2025-09-05,Macomb L'Anse Creuse North,Macomb Dakota,0,30
2025-09-05,Mancelona,Harbor Springs,42,6
2025-09-05,Manchester,Vandercook Lake,54,3
2025-09-05,Manistee,Fremont,36,24
2025-09-05,Mansfield (MA),Bridgewater-Raynham (MA),24,21
2025-09-05,Maple City Glen Lake,Frankfort,42,6
2025-09-05,Marine City,Madison Heights Madison,71,30
2025-09-05,Marinette (WI),Sturgeon Bay (WI),62,0
2025-09-05,Marquette,Alpena,41,13
2025-09-05,Marshall,Fowlerville,30,34
2025-09-05,Marysville,Hazel Park,23,15
2025-09-05,Mason County Central,Ludington,13,54
2025-09-05,Mattawan,Lowell,20,49
2025-09-05,McBain,LeRoy Pine River,50,16
2025-09-05,Melvindale,Dearborn Heights Robichaud,0,1
2025-09-05,Michigan Center,Brooklyn Columbia Central,49,14
2025-09-05,Midland Bullock Creek,Carrollton,50,8
2025-09-05,Millington,Standish-Sterling,53,14
2025-09-05,Monroe,Dexter,7,48
2025-09-05,Monroe Jefferson,Carleton Airport,43,7
2025-09-05,Montpelier (OH),Edgerton (OH),28,29
2025-09-05,Morley Stanwood,Remus Chippewa Hills,14,27
2025-09-05,Morris (IL),Mahomet Seymour HS (IL),33,14
2025-09-05,Mt Morris,Ovid-Elsie,6,43
2025-09-05,Muskegon,Rockford,26,30
2025-09-05,Muskegon Mona Shores,River Rouge,16,6
2025-09-05,Muskegon Oakridge,Montague,15,7
2025-09-05,New Lenox Lincoln Way West (IL),Lockport Township (IL),21,17
2025-09-05,New Market Huron Heights (CN),Chatham Ursuline College (CN),37,0
2025-09-05,Newaygo,Central Montcalm,24,28
2025-09-05,North Farmington,Walled Lake Western,27,31
2025-09-05,North Muskegon,Shelby,33,30
2025-09-05,Northville,Plymouth,35,15
2025-09-05,Ogemaw Heights,Traverse City St Francis,32,42
2025-09-05,Onsted,Dundee,21,0
2025-09-05,Oscoda,Kalkaska,14,20
2025-09-05,Otisville LakeVille Memorial,Chesaning,28,0
2025-09-05,Otsego,Berrien Springs,14,32
2025-09-05,Parma Western,Traverse City Central,14,50
2025-09-05,Perry,Wyoming Kelloggsville,28,48
2025-09-05,Petersburg Summerfield,Detroit Northwestern,40,6
2025-09-05,Pewamo-Westphalia,Saranac,52,0
2025-09-05,Pontiac,Troy Athens,16,44
2025-09-05,Port Huron,Warren Fitzgerald,38,36
2025-09-05,Reese,Waterford Our Lady of the Lakes,22,12
2025-09-05,Richland Gull Lake,Coldwater,8,38
2025-09-05,Richmond,Yale,21,0
2025-09-05,Riverview,Milan,45,14
2025-09-05,Riverview Gabriel Richard,Muskegon Catholic Central,41,40
2025-09-05,Rochester Adams,Rochester,31,3
2025-09-05,Rochester Hills Lutheran Northwest,Center Line Prep Academy,35,12
2025-09-05,Romeo,Grosse Pointe South,18,21
2025-09-05,Romulus Summit Academy North,Harper Woods Chandler Park,26,6
2025-09-05,Roscommon,Lake City,28,34
2025-09-05,Roseville,New Baltimore Anchor Bay,30,7
2025-09-05,Royal Oak Shrine Catholic,Lutheran Westland,39,0
2025-09-05,Saginaw Heritage,Midland Dow,34,49
2025-09-05,Saginaw Michigan Lutheran Seminary,Beaverton,40,8
2025-09-05,Saginaw Nouvel Catholic Central,Detroit Loyola,41,6
2025-09-05,Saginaw United,Mount Pleasant,0,35
2025-09-05,Saline,Ann Arbor Skyline,50,0
2025-09-05,Sand Creek,Quincy,26,56
2025-09-05,Sandusky,Marlette,36,14
2025-09-05,Saugatuck,Lakeview,40,6
2025-09-05,Schoolcraft,Hudsonville Unity Christian,19,40
2025-09-05,South Lyon,Waterford Kettering,55,6
2025-09-05,South Lyon East,Walled Lake Central,49,19
2025-09-05,Southgate Anderson,Lincoln Park,25,27
2025-09-05,Spring Lake,Gladwin,49,14
2025-09-05,Springport,Reading,43,18
2025-09-05,St Clair Shores Lakeview,Clinton Township Chippewa Valley,28,7
2025-09-05,St Clair Shores South Lake,New Haven,24,6
2025-09-05,St John Lake Central (IN),Portage (IN),26,0
2025-09-05,St Joseph,Edwardsburg,37,40
2025-09-05,St Louis,Saginaw Valley Lutheran,0,42
2025-09-05,Stevensville Lakeshore,Niles,0,16
2025-09-05,Sturgis,Battle Creek Pennfield,12,34
2025-09-05,Swanton (OH),Toledo Ottawa Hills (OH),0,12
2025-09-05,Tawas,Erie Mason,44,14
2025-09-05,Tecumseh,Pinckney,31,21
2025-09-05,Temperance Bedford,Ann Arbor Pioneer,23,13
2025-09-05,Three Rivers,Dowagiac,21,17
2025-09-05,Toledo Central Catholic (OH),Detroit Catholic Central,14,27
2025-09-05,Toledo St Francis De Sales (OH),Sandusky Perkins (OH),30,24
2025-09-05,Toledo St John's Jesuit (OH),Orchard Lake St Mary's,10,42
2025-09-05,Toledo Whitmer (OH),Sylvania Southview (OH),48,0
2025-09-05,Traverse City West,Grand Haven,32,14
2025-09-05,Ubly,Clarkston Everest Collegiate,22,14
2025-09-05,Utica Ford,Warren Woods Tower,41,0
2025-09-05,Vermontville Maple Valley,Union City,7,36
2025-09-05,Walled Lake Northern,White Lake Lakeland,20,48
2025-09-05,Warren Cousino,Grosse Pointe North,33,0
2025-09-05,Warren Lincoln,St Clair,12,58
2025-09-05,Warren Mott,St Clair Shores Lake Shore,40,7
2025-09-05,Waterford Mott,Milford,28,27
2025-09-05,Watervliet,Niles Brandywine,32,31
2025-09-05,Wayland,Sparta,35,36
2025-09-05,Wayne Memorial,Livonia Stevenson,0,35
2025-09-05,West Bloomfield,Southfield Arts & Technology,37,0
2025-09-05,West Chicago Wheaton Academy (IL),Grand Rapids Christian,21,28
2025-09-05,White Cloud,Harrison,0,62
2025-09-05,Whitehall,Muskegon Orchard View,48,22
2025-09-05,Whitmore Lake,Ann Arbor Father Gabriel Richard,20,42
2025-09-05,Wyandotte Roosevelt,Trenton,13,48
2025-09-05,Ypsilanti Community,Ypsilanti Lincoln,26,27
2025-09-05,Zeeland West,Holland West Ottawa,28,24
2025-09-06,Detroit Denby,Garfield Heights (OH),8,32
2025-09-06,Grosse Pointe Woods University Liggett,Detroit Country Day,0,61
2025-09-06,Harbor Beach,Ottawa Lake Whiteford,43,14
2025-09-06,Melvindale Academy for Business & Tech,Arts & Technology Academy of Pontiac,26,16
2025-09-06,Mount Pleasant Sacred Heart,Madison Heights Bishop Foley,22,12
2025-09-06,Sault Ste Marie,Shepherd,0,34
2025-09-06,Vestaburg,Detroit Communication Media Arts,20,22
2025-09-06,Warren Michigan Collegiate,Detroit Edison,24,0
2025-09-06,West Unity Hilltop (OH),Antwerp (OH),0,36
2025-09-08,New Market Huron Heights (CN),Bedford St Peter Chanel (OH),30,0
2025-09-11,Detroit Central,Detroit Communication Media Arts,34,14
2025-09-11,Detroit East English,Detroit Western,26,8
2025-09-11,Detroit Southeastern,Detroit Martin Luther King,0,48
2025-09-11,Muskegon Catholic Central,Wyoming Lee,1,0
2025-09-12,Ada Forest Hills Eastern,Hudsonville Unity Christian,7,35
2025-09-12,Akron Archbishop Hoban (OH),Akron East (OH),52,0
2025-09-12,Alma,Frankenmuth,21,70
2025-09-12,Ann Arbor Father Gabriel Richard,Detroit University Prep Science & Math,59,24
2025-09-12,Ann Arbor Pioneer,Saline,0,51
2025-09-12,Ann Arbor Skyline,Monroe,13,20
2025-09-12,Armada,Algonac,49,0
2025-09-12,Auburn Hills Avondale,Macomb Lutheran North,7,50
2025-09-12,Auburn Hills Oakland Christian,Whitmore Lake,32,49
2025-09-12,Auburndale (WI),Pittsville (WI),41,0
2025-09-12,Bath,Pewamo-Westphalia,0,55
2025-09-12,Battle Creek Central,Battle Creek Lakeview,39,13
2025-09-12,Bay City Central,Traverse City West,13,40
2025-09-12,Beal City,Roscommon,63,8
2025-09-12,Beaverton,Farwell,54,36
2025-09-12,Belleville,Livonia Stevenson,39,7
2025-09-12,Benzie Central,Traverse City St Francis,20,56
2025-09-12,Big Rapids,Newaygo,56,0
2025-09-12,Bloomfield Hills Brother Rice,Toledo Central Catholic (OH),14,28
2025-09-12,Bloomfield Hills Cranbrook Kingswood,Waterford Our Lady of the Lakes,15,25
2025-09-12,Bronson,Hartford,46,19
2025-09-12,Brooklyn Columbia Central,Grass Lake,48,0
2025-09-12,Buchanan,Battle Creek Pennfield,20,23
2025-09-12,Burton Atherton,Flint Beecher,20,0
2025-09-12,Burton Bentley,Burton Bendle,17,22
2025-09-12,Byron Center,Hammond Morton (IN),34,17
2025-09-12,Cadillac,Sault Ste Marie,43,0
2025-09-12,Carleton Airport,Riverview,6,38
2025-09-12,Cass City,Elkton-Pigeon-Bay Port Laker,13,18
2025-09-12,Cedar Springs,Greenville,31,21
2025-09-12,Centreville,Comstock,41,8
2025-09-12,Cheboygan,Boyne City,14,30
2025-09-12,Chelsea,Adrian,29,12
2025-09-12,Cincinnati Elder (OH),Cincinnati La Salle (OH),16,8
2025-09-12,Cincinnati Moeller (OH),Nashville Christ Presbyterian Academy (TN),49,28
2025-09-12,Clarkston Everest Collegiate,Riverview Gabriel Richard,43,0
2025-09-12,Clinton,Blissfield,42,0
2025-09-12,Clinton Township Clintondale,Warren Lincoln,40,0
2025-09-12,Coldwater,Battle Creek Harper Creek,28,49
2025-09-12,Coloma,South Haven,34,44
2025-09-12,Comstock Park,Wyoming Godwin Heights,41,44
2025-09-12,Constantine,Schoolcraft,14,32
2025-09-12,Coopersville,Lowell,20,33
2025-09-12,Corunna,Clio,22,48
2025-09-12,Dansville,Flint New Standard Academy,8,56
2025-09-12,Dearborn Advanced Tech Academy,Royal Oak Shrine Catholic,0,1
2025-09-12,Dearborn Divine Child,Ypsilanti Community,43,0
2025-09-12,Dearborn Fordson,Livonia Franklin,33,21
2025-09-12,Dearborn Heights Crestwood,Dearborn Heights Annapolis,41,0
2025-09-12,Decatur,Springport,0,14
2025-09-12,Delton Kellogg,Watervliet,14,20
2025-09-12,Detroit Cass Tech,Detroit Renaissance,71,0
2025-09-12,Detroit Catholic Central,Clarkson Football North (CN),41,28
2025-09-12,Detroit Cody,Detroit Northwestern,14,24
2025-09-12,Detroit Community,Redford Westfield Prep,24,14
2025-09-12,Detroit Denby,Detroit Pershing,24,6
2025-09-12,Detroit Edison,Romulus Summit Academy North,26,14
2025-09-12,Detroit Henry Ford,Detroit Mumford,30,14
2025-09-12,Detroit Leadership Academy,Melvindale Academy for Business & Tech,6,53
2025-09-12,Detroit Lincoln-King,Warren Michigan Collegiate,0,1
2025-09-12,Detroit Loyola,Detroit Country Day,8,55
2025-09-12,Detroit Osborn,Detroit Douglass,20,6
2025-09-12,Detroit U of D Jesuit,Windsor Holy Names (CN),28,29
2025-09-12,Detroit University Prep,Bridgeport,20,18
2025-09-12,DeWitt,Lansing Waverly,55,0
2025-09-12,Dexter,Ann Arbor Huron,48,16
2025-09-12,Dowagiac,Benton Harbor,69,12
2025-09-12,Dundee,Adrian Madison,3,40
2025-09-12,East Grand Rapids,Grand Rapids Christian,38,7
2025-09-12,East Jordan,Kalkaska,20,24
2025-09-12,Ecorse,Detroit Voyageur College Prep,14,12
2025-09-12,Edon (OH),Petersburg Summerfield,49,20
2025-09-12,Essexville Garber,Bay City John Glenn,13,43
2025-09-12,Evart,Lake City,49,14
2025-09-12,Farmington,North Farmington,35,22
2025-09-12,Fenton,Flushing,41,12
2025-09-12,Ferndale,Royal Oak,46,14
2025-09-12,Flint Carman-Ainsworth,Holt,18,53
2025-09-12,Flint Kearsley,Linden,19,49
2025-09-12,Fowler,Saranac,34,6
2025-09-12,Fowlerville,St Johns,26,27
2025-09-12,Frankfort,Johannesburg-Lewiston,41,30
2025-09-12,Galesburg-Augusta,Allegan,37,7
2025-09-12,Galloway Westland (OH),Worthington Kilbourne (OH),38,48
2025-09-12,Garden City,Redford Union,6,56
2025-09-12,Genesee,Flint Southwestern,40,0
2025-09-12,Gladwin,Ogemaw Heights,14,49
2025-09-12,Goodrich,Ortonville Brandon,48,7
2025-09-12,Grand Blanc,Saginaw Heritage,56,27
2025-09-12,Grand Haven,Rockford,24,42
2025-09-12,Grand Ledge,East Lansing,45,27
2025-09-12,Grand Rapids Forest Hills Central,Grand Rapids Forest Hills Northern,10,42
2025-09-12,Grand Rapids South Christian,Grand Rapids West Catholic,20,27
2025-09-12,Grosse Ile,Flat Rock,13,57
2025-09-12,Grosse Pointe North,Madison Heights Lamphere,21,23
2025-09-12,Grosse Pointe South,Utica,35,14
2025-09-12,Hamilton,Grand Rapids Union,14,8
2025-09-12,Hamilton St Thomas More (CN),London Stoney Creek (ON),21,14
2025-09-12,Hanover-Horton,Michigan Center,14,53
2025-09-12,Harbor Springs,Maple City Glen Lake,6,44
2025-09-12,Harper Woods,Birmingham Groves,35,8
2025-09-12,Harrison Township L'Anse Creuse,Macomb L'Anse Creuse North,27,25
2025-09-12,Haslett,Lansing Eastern,49,8
2025-09-12,Hastings,Jackson Northwest,58,34
2025-09-12,Hazel Park,New Haven,49,7
2025-09-12,Hemlock,Carrollton,47,8
2025-09-12,Hesperia,White Cloud,53,14
2025-09-12,Hillsdale,Ida,7,56
2025-09-12,Holland,Holland Christian,21,40
2025-09-12,Holland West Ottawa,Grandville,14,27
2025-09-12,Homer,Leslie,0,42
2025-09-12,Houghton,Hancock,42,0
2025-09-12,Howard City Tri County,Grant,55,9
2025-09-12,Howards Grove (WI),Hilbert (WI),22,44
2025-09-12,Hudson,Onsted,52,21
2025-09-12,Hudsonville,Caledonia,38,6
2025-09-12,Ionia,Eaton Rapids,30,33
2025-09-12,Jackson Lumen Christi,Grand Rapids Catholic Central,14,28
2025-09-12,Jenison,East Kentwood,7,54
2025-09-12,Kalamazoo Central,Richland Gull Lake,47,19
2025-09-12,Kalamazoo Loy Norrix,St Joseph,25,51
2025-09-12,Kent City,Morley Stanwood,40,0
2025-09-12,Kingsford,Gladstone,25,13
2025-09-12,Kingsley,Grayling,48,21
2025-09-12,L'Anse,Gwinn,1,0
2025-09-12,LaGrange Prairie Heights (IN),Albion Central Noble (IN),26,35
2025-09-12,Lake Odessa Lakewood,Charlotte,13,17
2025-09-12,Lakeview,Central Montcalm,6,46
2025-09-12,Lansing Catholic,Lansing Sexton,25,40
2025-09-12,Lawton,Kalamazoo Hackett Catholic Prep,22,19
2025-09-12,LeRoy Pine River,Houghton Lake,24,0
2025-09-12,Lincoln Park,Brownstown Woodhaven,0,49
2025-09-12,Lombard Montini (IL),Chicago Marist (IL),28,21
2025-09-12,Ludington,Fremont,49,0
2025-09-12,Madison Heights Madison,Clawson,48,14
2025-09-12,Manistique,Iron Mountain,8,35
2025-09-12,Manton,McBain,38,56
2025-09-12,Marlette,Unionville-Sebewaing,6,44
2025-09-12,Marshall,Parma Western,41,6
2025-09-12,Mason,Williamston,0,28
2025-09-12,Mason County Central,North Muskegon,21,49
2025-09-12,Melvindale,Redford Thurston,8,56
2025-09-12,Menominee,Ishpeming Westwood,50,8
2025-09-12,Midland,Bay City Western,14,10
2025-09-12,Midland Bullock Creek,Clare,28,62
2025-09-12,Milan,Monroe Jefferson,21,52
2025-09-12,Millington,Sandusky,55,20
2025-09-12,Montrose,Durand,45,0
2025-09-12,Mount Pleasant,Midland Dow,63,39
2025-09-12,Mt Morris,Birch Run,16,29
2025-09-12,Muskegon Mona Shores,Flint Hamady,64,0
2025-09-12,Muskegon Oakridge,Manistee,27,8
2025-09-12,Muskegon Orchard View,Montague,20,54
2025-09-12,Negaunee,Calumet,18,33
2025-09-12,New Lenox Lincoln Way West (IL),Tinley Park Andrew (IL),17,7
2025-09-12,New Lothrop,Chesaning,35,7
2025-09-12,New Market Huron Heights (CN),Toronto Michael Powers St Joseph (CN),42,7
2025-09-12,Niles Brandywine,Saugatuck,18,64
2025-09-12,North Branch,Imlay City,33,7
2025-09-12,Novi,Brighton,0,35
2025-09-12,Oak Park,Troy Athens,44,17
2025-09-12,Okemos,Lansing Everett,13,20
2025-09-12,Olivet,Portland,0,35
2025-09-12,Otsego,Three Rivers,6,31
2025-09-12,Ottawa Lake Whiteford,West Unity Hilltop (OH),63,6
2025-09-12,Ovid-Elsie,Otisville LakeVille Memorial,38,12
2025-09-12,Owosso,Lake Fenton,38,35
2025-09-12,Oxford,Clarkston,17,38
2025-09-12,Parchment,Berrien Springs,14,31
2025-09-12,Paw Paw,Niles,14,30
2025-09-12,Perry,Laingsburg,15,27
2025-09-12,Pinckney,Jackson,34,37
2025-09-12,Plainwell,Vicksburg,6,49
2025-09-12,Plymouth,Hartland,7,42
2025-09-12,Pontiac,Berkley,0,43
2025-09-12,Pontiac Notre Dame Prep,Gibraltar Carlson,21,42
2025-09-12,Port Huron Northern,Utica Ford,35,6
2025-09-12,Portage Central,Stevensville Lakeshore,57,0
2025-09-12,Portage Northern,Mattawan,49,21
2025-09-12,Reed City,Remus Chippewa Hills,42,0
2025-09-12,Richmond,Croswell-Lexington,28,10
2025-09-12,River Rouge,Toledo St John's Jesuit (OH),18,29
2025-09-12,Rochester,Lake Orion,23,21
2025-09-12,Rochester Hills Lutheran Northwest,Allen Park Cabrini,7,41
2025-09-12,Rochester Hills Stoney Creek,Southfield Arts & Technology,40,18
2025-09-12,Saginaw Michigan Lutheran Seminary,Ithaca,40,42
2025-09-12,Saginaw Swan Valley,Freeland,31,7
2025-09-12,Saginaw Valley Lutheran,Saginaw Nouvel Catholic Central,27,20
2025-09-12,Salem,Canton,61,6
2025-09-12,Shelby,Hart,28,18
2025-09-12,South Lyon,Walled Lake Northern,48,0
2025-09-12,South Lyon East,White Lake Lakeland,37,40
2025-09-12,Southgate Anderson,Allen Park,10,0
2025-09-12,Sparta,Grand Rapids Northview,0,49
2025-09-12,Spring Lake,Muskegon Reeths-Puffer,28,35
2025-09-12,St Clair,Marine City,20,56
2025-09-12,St Clair Shores Lake Shore,Warren Woods Tower,26,20
2025-09-12,St Clair Shores Lakeview,Roseville,7,32
2025-09-12,St Clair Shores South Lake,Eastpointe,60,8
2025-09-12,St John Lake Central (IN),Crown Point (IN),0,42
2025-09-12,Standish-Sterling,Shepherd,0,37
2025-09-12,Sterling Heights,Center Line,0,54
2025-09-12,Sterling Heights Stevenson,Clinton Township Chippewa Valley,24,21
2025-09-12,Stockbridge,Quincy,29,40
2025-09-12,Sturgis,Edwardsburg,13,42
2025-09-12,Swartz Creek,Holly,28,36
2025-09-12,Tawas,Charlevoix,7,54
2025-09-12,Temperance Bedford,Mansfield (MA),21,35
2025-09-12,Toledo Ottawa Hills (OH),Pioneer North Central (OH),39,18
2025-09-12,Toledo Whitmer (OH),Fremont Ross (OH),27,6
2025-09-12,Traverse City Central,Davison,14,31
2025-09-12,Trenton,Dearborn Edsel Ford,63,0
2025-09-12,Troy,Flint Powers Catholic,28,14
2025-09-12,Ubly,Harbor Beach,6,33
2025-09-12,Union City,Sand Creek,36,18
2025-09-12,Utica Eisenhower,Romeo,28,34
2025-09-12,Vandercook Lake,East Jackson,42,0
2025-09-12,Vassar,Reese,20,42
2025-09-12,Walled Lake Central,Livonia Clarenceville,45,15
2025-09-12,Walled Lake Western,Waterford Mott,34,42
2025-09-12,Warren De La Salle Collegiate,Orchard Lake St Mary's,10,49
2025-09-12,Warren Fitzgerald,Marysville,21,19
2025-09-12,Warren Mott,Port Huron,21,28
2025-09-12,Waterford Kettering,Milford,6,45
2025-09-12,Wayland,Middleville Thornapple Kellogg,14,41
2025-09-12,West Chicago Wheaton Academy (IL),Palos Heights Chicago Christian (IL),49,14
2025-09-12,West Iron County,Bark River-Harris,14,42
2025-09-12,Westland John Glenn,Dearborn,41,43
2025-09-12,White Pigeon,Cassopolis,72,12
2025-09-12,Wyandotte Roosevelt,Taylor,7,0
2025-09-12,Wyoming,Grand Rapids Ottawa Hills,20,12
2025-09-12,Wyoming Kelloggsville,Fruitport,8,49
2025-09-12,Yale,Almont,34,49
2025-09-12,Ypsilanti Lincoln,Tecumseh,21,17
2025-09-12,Zeeland West,Whitehall,28,35
2025-09-13,Erie Mason,Montpelier (OH),6,48
2025-09-13,Gaylord,Marquette,28,27
2025-09-13,Grosse Pointe Woods University Liggett,Madison Heights Bishop Foley,14,6
2025-09-13,Marine City Cardinal Mooney,Caro,7,46
2025-09-13,Morris (IL),Peoria (IL),35,28
2025-09-13,Mount Clemens,Southfield Bradford Academy,0,28
2025-09-13,Vestaburg,Mount Pleasant Sacred Heart,7,49
2025-09-13,Zeeland East,Alpena,35,0
2025-09-15,New Market Huron Heights (CN),Barrie Maple Ridge (CN),47,0
2025-09-18,Detroit Communication Media Arts,Detroit Cody,20,26
2025-09-18,Detroit Northwestern,Detroit Denby,0,48
2025-09-18,Detroit Southeastern,Detroit Renaissance,32,8
2025-09-18,Windsor Holy Names (CN),Tecumseh St Annes (CN),45,0
2025-09-19,Ada Forest Hills Eastern,Wayland,27,16
2025-09-19,Addison,Vandercook Lake,16,17
2025-09-19,Adrian,Pinckney,40,18
2025-09-19,Akron Archbishop Hoban (OH),Lyndhurst Brush (OH),45,7
2025-09-19,Algonac,Almont,22,42
2025-09-19,Allegan,Kalamazoo Hackett Catholic Prep,10,48
2025-09-19,Allen Park,Brownstown Woodhaven,21,49
2025-09-19,Allen Park Cabrini,Clarkston Everest Collegiate,19,9
2025-09-19,Alpena,Cadillac,39,48
2025-09-19,Ann Arbor Huron,Ann Arbor Skyline,28,0
2025-09-19,Armada,Richmond,17,24
2025-09-19,Battle Creek Central,Portage Central,0,55
2025-09-19,Battle Creek Harper Creek,Battle Creek Pennfield,44,0
2025-09-19,Battle Creek Lakeview,Portage Northern,28,50
2025-09-19,Bay City Central,Midland,16,35
2025-09-19,Belding,Wyoming Kelloggsville,44,14
2025-09-19,Benton Harbor,Muskegon Catholic Central,26,27
2025-09-19,Benzie Central,Tawas,56,0
2025-09-19,Berkley,Ferndale,14,26
2025-09-19,Big Rapids,Howard City Tri County,63,6
2025-09-19,Birch Run,New Lothrop,21,31
2025-09-19,Birmingham Groves,Rochester,35,7
2025-09-19,Birmingham Seaholm,Oak Park,24,21
2025-09-19,Blissfield,Hudson,0,66
2025-09-19,Bloomfield Hills Cranbrook Kingswood,Grosse Pointe Woods University Liggett,35,7
2025-09-19,Boyne City,Kingsley,6,38
2025-09-19,Bridgeport,Alma,0,51
2025-09-19,Brighton,Hartland,17,7
2025-09-19,Brooklyn Columbia Central,Hanover-Horton,14,30
2025-09-19,Buchanan,Niles Brandywine,64,6
2025-09-19,Calumet,Menominee,15,25
2025-09-19,Canton,Novi,0,41
2025-09-19,Caro,Elkton-Pigeon-Bay Port Laker,14,26
2025-09-19,Cassopolis,Bronson,28,69
2025-09-19,Center Line,Marine City,14,50
2025-09-19,Center Line Prep Academy,Detroit University Prep,0,1
2025-09-19,Charlevoix,Oscoda,49,0
2025-09-19,Charlotte,Lansing Catholic,35,17
2025-09-19,Cincinnati Elder (OH),Louisville St Xavier (KY),26,24
2025-09-19,Cincinnati Moeller (OH),Cincinnati St Xavier (OH),30,13
2025-09-19,Clare,Gladwin,26,28
2025-09-19,Clarkson Football North (CN),Springfield St. James Performance Academy (VA),42,76
2025-09-19,Clawson,Hazel Park,20,48
2025-09-19,Clinton,Dundee,57,8
2025-09-19,Clinton Township Chippewa Valley,Romeo,21,28
2025-09-19,Clio,Owosso,26,21
2025-09-19,Coldwater,Jackson Northwest,45,20
2025-09-19,Comstock,Quincy,16,28
2025-09-19,Comstock Park,Holland,56,53
2025-09-19,Coopersville,Sparta,36,7
2025-09-19,Croswell-Lexington,North Branch,48,7
2025-09-19,Dearborn,Livonia Franklin,20,30
2025-09-19,Delton Kellogg,Lawton,13,42
2025-09-19,Detroit Catholic Central,Orchard Lake St Mary's,29,14
2025-09-19,Detroit Community,Arts & Technology Academy of Pontiac,28,22
2025-09-19,Detroit Country Day,Dearborn Divine Child,0,38
2025-09-19,Detroit Douglass,Detroit Central,0,78
2025-09-19,Detroit East English,Detroit Henry Ford,0,6
2025-09-19,Detroit Edison,Detroit Old Redford,18,6
2025-09-19,Detroit Leadership Academy,Hamtramck,6,36
2025-09-19,Detroit University Prep Science & Math,Lincoln Park,14,45
2025-09-19,Detroit Western,Detroit Mumford,0,28
2025-09-19,Dowagiac,Marshall,41,22
2025-09-19,Durand,Ovid-Elsie,28,31
2025-09-19,East Lansing,Okemos,22,13
2025-09-19,Eaton Rapids,Lake Odessa Lakewood,13,35
2025-09-19,Edwardsburg,Paw Paw,7,35
2025-09-19,Erie Mason,Edon (OH),6,54
2025-09-19,Fenton,Swartz Creek,49,0
2025-09-19,Flat Rock,Carleton Airport,36,0
2025-09-19,Flint Beecher,Sterling Heights Parkway Christian,12,40
2025-09-19,Flint New Standard Academy,Burton Atherton,26,13
2025-09-19,Flint Southwestern,Flint Hamady,6,50
2025-09-19,Flushing,Flint Kearsley,45,8
2025-09-19,Frankenmuth,Essexville Garber,61,0
2025-09-19,Frankfort,Mancelona,6,32
2025-09-19,Freeland,Flint Powers Catholic,48,7
2025-09-19,Fremont,Mason County Central,28,26
2025-09-19,Fruitport,Napoleon,42,12
2025-09-19,Galloway Westland (OH),DeWitt,28,38
2025-09-19,Garden City,Dearborn Heights Crestwood,10,41
2025-09-19,Garfield Heights (OH),Eastlake North (OH),48,17
2025-09-19,Gaylord,Petoskey,19,13
2025-09-19,Genesee,Burton Bentley,20,3
2025-09-19,Gladstone,Hancock,57,8
2025-09-19,Grand Blanc,Traverse City West,49,6
2025-09-19,Grand Rapids Christian,Spring Lake,24,21
2025-09-19,Grand Rapids Forest Hills Central,Wyoming,42,6
2025-09-19,Grand Rapids Forest Hills Northern,Grand Rapids Union,49,19
2025-09-19,Grand Rapids Kenowa Hills,Cedar Springs,49,35
2025-09-19,Grand Rapids Ottawa Hills,Middleville Thornapple Kellogg,6,42
2025-09-19,Grant,Reed City,0,35
2025-09-19,Grass Lake,Leslie,22,40
2025-09-19,Greenville,Allendale,34,13
2025-09-19,Grosse Pointe South,Harrison Township L'Anse Creuse,29,7
2025-09-19,Hamilton,Grand Rapids West Catholic,21,34
2025-09-19,Hamilton St Thomas More (CN),Hamilton St. Mary Catholic (CN),38,0
2025-09-19,Harper Woods Chandler Park,Detroit Voyageur College Prep,36,14
2025-09-19,Harrison,Beaverton,36,20
2025-09-19,Hartford,Decatur,0,48
2025-09-19,Hemlock,Saginaw Valley Lutheran,8,35
2025-09-19,Hillsdale,Adrian Madison,0,47
2025-09-19,Holland Christian,Grand Rapids Northview,28,35
2025-09-19,Holt,Grand Ledge,24,30
2025-09-19,Homer,Jonesville,23,38
2025-09-19,Houghton Lake,Manton,22,38
2025-09-19,Howards Grove (WI),Oostburg (WI),50,6
2025-09-19,Hudsonville,Holland West Ottawa,42,21
2025-09-19,Hudsonville Unity Christian,Zeeland East,50,12
2025-09-19,Ishpeming Westwood,Houghton,44,46
2025-09-19,Ithaca,Carrollton,68,6
2025-09-19,Jackson,Ypsilanti Community,28,50
2025-09-19,Jackson Lumen Christi,Detroit U of D Jesuit,41,6
2025-09-19,Johannesburg-Lewiston,Harbor Springs,12,45
2025-09-19,LaGrange Prairie Heights (IN),Churubusco (IN),12,39
2025-09-19,Laingsburg,Pewamo-Westphalia,6,56
2025-09-19,Lake City,LeRoy Pine River,22,41
2025-09-19,Lake Fenton,Goodrich,14,56
2025-09-19,Lake Orion,West Bloomfield,16,33
2025-09-19,Lansing Everett,Lansing Waverly,32,0
2025-09-19,Lansing Sexton,Olivet,25,34
2025-09-19,Lapeer,Flint Carman-Ainsworth,47,28
2025-09-19,Linden,Holly,42,6
2025-09-19,Livonia Churchill,Belleville,21,42
2025-09-19,Livonia Stevenson,Westland John Glenn,14,22
2025-09-19,Lombard Montini (IL),Oak Park Fenwick (IL),31,29
2025-09-19,Ludington,Muskegon Oakridge,52,0
2025-09-19,Lutheran Westland,Auburn Hills Oakland Christian,14,20
2025-09-19,Macomb Dakota,Sterling Heights Stevenson,28,14
2025-09-19,Macomb L'Anse Creuse North,Roseville,0,42
2025-09-19,Macomb Lutheran North,Detroit Loyola,35,6
2025-09-19,Manchester,Michigan Center,8,43
2025-09-19,Manistique,L'Anse,16,46
2025-09-19,Maple City Glen Lake,East Jordan,24,22
2025-09-19,Marinette (WI),Bonduel (WI),6,35
2025-09-19,Marlette,Ubly,22,42
2025-09-19,Marysville,Grosse Pointe North,28,13
2025-09-19,Mason,Haslett,14,21
2025-09-19,Mattawan,Kalamazoo Loy Norrix,27,20
2025-09-19,McBain,Beal City,7,42
2025-09-19,Midland Dow,Bay City Western,42,12
2025-09-19,Milan,New Boston Huron,24,48
2025-09-19,Milford,South Lyon,20,43
2025-09-19,Millington,Cass City,14,17
2025-09-19,Monroe Jefferson,Riverview,39,8
2025-09-19,Monroe St Mary Catholic Central,Grosse Ile,48,6
2025-09-19,Morley Stanwood,Lakeview,28,7
2025-09-19,Morris (IL),LaSalle-Peru (IL),48,0
2025-09-19,Mount Clemens,Melvindale Academy for Business & Tech,12,48
2025-09-19,Mount Pleasant Sacred Heart,Kalkaska,21,30
2025-09-19,Muskegon,Byron Center,46,17
2025-09-19,Muskegon Mona Shores,Muskegon Reeths-Puffer,48,7
2025-09-19,Muskegon Orchard View,Manistee,26,22
2025-09-19,Negaunee,Kingsford,21,35
2025-09-19,New Baltimore Anchor Bay,Utica Eisenhower,20,47
2025-09-19,New Haven,Clinton Township Clintondale,14,36
2025-09-19,New Lenox Lincoln Way West (IL),Lincoln-Way Central (IL),17,12
2025-09-19,New Market Huron Heights (CN),Courtice Holy Trinity Catholic (CN),47,6
2025-09-19,Niles,Otsego,57,27
2025-09-19,North Farmington,Bloomfield Hills,49,7
2025-09-19,North Muskegon,Hesperia,54,21
2025-09-19,Northville,Salem,37,23
2025-09-19,Ogemaw Heights,Shepherd,49,14
2025-09-19,Onsted,Ida,7,54
2025-09-19,Ortonville Brandon,Corunna,44,19
2025-09-19,Otisville LakeVille Memorial,Montrose,14,43
2025-09-19,Parma Western,Hastings,14,22
2025-09-19,Perry,Fowler,0,47
2025-09-19,Petersburg Summerfield,Montpelier (OH),0,27
2025-09-19,Pioneer North Central (OH),Ottawa Lake Whiteford,0,58
2025-09-19,Plymouth,Howell,14,49
2025-09-19,Pontiac Notre Dame Prep,Waterford Mott,53,19
2025-09-19,Port Huron,Fraser,24,0
2025-09-19,Portland,Ionia,1,0
2025-09-19,Reading,Sand Creek,26,6
2025-09-19,Redford Thurston,Dearborn Heights Annapolis,51,0
2025-09-19,Redford Union,Dearborn Heights Robichaud,8,0
2025-09-19,Remus Chippewa Hills,Newaygo,26,20
2025-09-19,River Rouge,Bloomfield Hills Brother Rice,8,45
2025-09-19,Riverview Gabriel Richard,Ann Arbor Father Gabriel Richard,0,56
2025-09-19,Rochester Adams,Oxford,33,6
2025-09-19,Rochester Hills Lutheran Northwest,Whitmore Lake,7,35
2025-09-19,Rochester Hills Stoney Creek,Harper Woods,27,28
2025-09-19,Rockford,East Kentwood,21,14
2025-09-19,Romulus,Melvindale,39,0
2025-09-19,Romulus Summit Academy North,Detroit Lincoln-King,35,0
2025-09-19,Roscommon,Evart,23,43
2025-09-19,Royal Oak,Livonia Clarenceville,38,6
2025-09-19,Saginaw Heritage,Davison,42,63
2025-09-19,Saginaw Nouvel Catholic Central,Saginaw Michigan Lutheran Seminary,27,14
2025-09-19,Saline,Dexter,61,34
2025-09-19,Sandusky,Burton Bendle,28,20
2025-09-19,Sanford Meridian,Pinconning,37,6
2025-09-19,Saranac,Dansville,47,0
2025-09-19,Saugatuck,Coloma,42,60
2025-09-19,Sault Ste Marie,Escanaba,7,53
2025-09-19,Schoolcraft,Galesburg-Augusta,53,28
2025-09-19,South Haven,Constantine,25,39
2025-09-19,Southfield Arts & Technology,Lowell,8,40
2025-09-19,Southgate Anderson,Wyandotte Roosevelt,20,21
2025-09-19,Springport,Vermontville Maple Valley,35,0
2025-09-19,St Clair,Eastpointe,45,0
2025-09-19,St Clair Shores South Lake,Sterling Heights,52,18
2025-09-19,St John Lake Central (IN),LaPorte (IN),16,27
2025-09-19,St Johns,Lansing Eastern,42,0
2025-09-19,St Joseph,Richland Gull Lake,46,7
2025-09-19,St Louis,Farwell,28,12
2025-09-19,Standish-Sterling,Midland Bullock Creek,13,20
2025-09-19,Stevensville Lakeshore,Kalamazoo Central,27,6
2025-09-19,Stockbridge,Union City,25,18
2025-09-19,Taylor,Dearborn Edsel Ford,16,8
2025-09-19,Tecumseh,Chelsea,6,35
2025-09-19,Three Rivers,Plainwell,21,7
2025-09-19,Toledo Central Catholic (OH),Warren De La Salle Collegiate,35,6
2025-09-19,Toledo Ottawa Hills (OH),West Unity Hilltop (OH),26,42
2025-09-19,Toledo St Francis De Sales (OH),Toledo St John's Jesuit (OH),21,29
2025-09-19,Toledo Whitmer (OH),Holland Springfield (OH),57,6
2025-09-19,Traverse City Central,Mount Pleasant,13,28
2025-09-19,Trenton,Gibraltar Carlson,14,17
2025-09-19,Troy,Clarkston,0,41
2025-09-19,Troy Athens,Farmington,14,38
2025-09-19,Unionville-Sebewaing,Reese,24,22
2025-09-19,Utica,St Clair Shores Lakeview,35,27
2025-09-19,Utica Ford,Warren Mott,19,21
2025-09-19,Vassar,Harbor Beach,8,51
2025-09-19,Vestaburg,Bath,0,38
2025-09-19,Vicksburg,Sturgis,52,7
2025-09-19,Walled Lake Central,White Lake Lakeland,7,32
2025-09-19,Walled Lake Northern,Walled Lake Western,10,42
2025-09-19,Warren Cousino,Port Huron Northern,22,35
2025-09-19,Warren Fitzgerald,St Clair Shores Lake Shore,40,0
2025-09-19,Warren Lincoln,Madison Heights Madison,8,50
2025-09-19,Warren Woods Tower,Madison Heights Lamphere,0,27
2025-09-19,Waterford Kettering,South Lyon East,14,51
2025-09-19,Waterford Our Lady of the Lakes,Madison Heights Bishop Foley,27,0
2025-09-19,Watervliet,Parchment,40,41
2025-09-19,Wayne Memorial,Dearborn Fordson,13,36
2025-09-19,West Chicago Wheaton Academy (IL),Woodstock Marian Catholic Central (IL),42,28
2025-09-19,White Cloud,Central Montcalm,0,58
2025-09-19,White Pigeon,Centreville,46,0
2025-09-19,Williamston,Fowlerville,35,0
2025-09-19,Wyoming Godwin Heights,Hopkins,26,16
2025-09-19,Yale,Imlay City,14,12
2025-09-19,Ypsilanti Lincoln,Ann Arbor Pioneer,28,27
2025-09-20,Auburn Hills Avondale,Pontiac,34,14
2025-09-20,Detroit Martin Luther King,Detroit Cass Tech,22,27
2025-09-20,Hammond Morton (IN),Phalen Leadership Academy (IN),62,0
2025-09-20,Marine City Cardinal Mooney,Royal Oak Shrine Catholic,0,48
2025-09-20,Traverse City St Francis,Grayling,64,7
2025-09-20,Warren Michigan Collegiate,Ecorse,16,18
2025-09-25,Detroit Communication Media Arts,Detroit Pershing,0,16
2025-09-25,Detroit Douglass,Detroit Northwestern,6,48
2025-09-25,Detroit Martin Luther King,Detroit Western,74,0
2025-09-25,Detroit Mumford,Detroit Cass Tech,0,48
2025-09-25,Howards Grove (WI),Reedsville (WI),14,23
2025-09-25,Windsor Holy Names (CN),La Salle St Thomas Of Villanova (CN),45,0
2025-09-26,Dundee,Hillsdale,29,18
2025-09-26,Addison,Brooklyn Columbia Central,26,56
2025-09-26,Adrian Madison,Hudson,7,56
2025-09-26,Akron Archbishop Hoban (OH),Cuyahoga Falls Walsh Jesuit (OH),19,14
2025-09-26,Alma,Freeland,13,42
2025-09-26,Almont,Croswell-Lexington,38,13
2025-09-26,Ann Arbor Father Gabriel Richard,Bloomfield Hills Cranbrook Kingswood,66,22
2025-09-26,Ann Arbor Pioneer,Ann Arbor Huron,14,21
2025-09-26,Auburn Hills Avondale,Ferndale,0,33
2025-09-26,Auburn Hills Oakland Christian,Benton Harbor,27,20
2025-09-26,Battle Creek Harper Creek,Grand Rapids Kenowa Hills,37,15
2025-09-26,Battle Creek Pennfield,Hastings,24,55
2025-09-26,Bay City John Glenn,Bridgeport,62,0
2025-09-26,Bay City Western,Flint Carman-Ainsworth,56,20
2025-09-26,Beaverton,Sanford Meridian,28,48
2025-09-26,Benzie Central,Charlevoix,0,42
2025-09-26,Berrien Springs,Buchanan,13,16
2025-09-26,Big Rapids,Reed City,40,13
2025-09-26,Birch Run,Chesaning,49,0
2025-09-26,Birmingham Seaholm,Farmington,19,42
2025-09-26,Bloomfield Hills,Pontiac,38,0
2025-09-26,Bloomfield Hills Brother Rice,Toledo St John's Jesuit (OH),17,24
2025-09-26,Boyne City,Grayling,21,7
2025-09-26,Brighton,Northville,21,14
2025-09-26,Bronson,Centreville,30,6
2025-09-26,Burton Atherton,Genesee,27,16
2025-09-26,Burton Bendle,Flint Hamady,26,34
2025-09-26,Burton Bentley,Flint New Standard Academy,21,44
2025-09-26,Byron Center,Muskegon Mona Shores,42,35
2025-09-26,Cadillac,Gaylord,9,37
2025-09-26,Caro,Millington,0,14
2025-09-26,Carrollton,Saginaw Nouvel Catholic Central,6,64
2025-09-26,Center Line,St Clair,21,20
2025-09-26,Central Montcalm,Elkton-Pigeon-Bay Port Laker,0,13
2025-09-26,Cheboygan,Escanaba,13,42
2025-09-26,Cincinnati Elder (OH),Cincinnati St Xavier (OH),23,13
2025-09-26,Cincinnati Moeller (OH),Cincinnati La Salle (OH),42,7
2025-09-26,Clarkson Football North (CN),Massillon Washington (OH),34,2
2025-09-26,Clarkston,Rochester Adams,21,7
2025-09-26,Clinton Township Chippewa Valley,Macomb Dakota,0,20
2025-09-26,Comstock,White Pigeon,0,58
2025-09-26,Davison,Saginaw United,49,8
2025-09-26,Dearborn Edsel Ford,Southgate Anderson,0,44
2025-09-26,Dearborn Heights Annapolis,Dearborn Heights Robichaud,0,51
2025-09-26,Dearborn Heights Crestwood,Romulus,26,35
2025-09-26,Decatur,Cassopolis,38,7
2025-09-26,Delton Kellogg,Saugatuck,22,17
2025-09-26,Detroit Denby,Detroit Cody,42,0
2025-09-26,Detroit Lincoln-King,Harper Woods Chandler Park,12,44
2025-09-26,Detroit Loyola,Riverview Gabriel Richard,14,35
2025-09-26,Detroit Old Redford,Warren Michigan Collegiate,14,50
2025-09-26,Detroit Osborn,Detroit Central,0,30
2025-09-26,Detroit Renaissance,Detroit Henry Ford,26,22
2025-09-26,Detroit Southeastern,Detroit East English,40,0
2025-09-26,Detroit U of D Jesuit,Toledo St Francis De Sales (OH),0,34
2025-09-26,Detroit University Prep Science & Math,Center Line Prep Academy,13,20
2025-09-26,DeWitt,East Lansing,58,7
2025-09-26,Dexter,Chelsea,42,28
2025-09-26,East Jackson,Grass Lake,0,1
2025-09-26,East Jordan,Mount Pleasant Sacred Heart,34,12
2025-09-26,East Kentwood,Caledonia,42,6
2025-09-26,Eastpointe,Sterling Heights,44,34
2025-09-26,Edon (OH),Toledo Ottawa Hills (OH),34,12
2025-09-26,Edwardsburg,Otsego,29,26
2025-09-26,Elk Rapids,Mancelona,15,14
2025-09-26,Farwell,Pinconning,20,7
2025-09-26,Flat Rock,Monroe Jefferson,22,44
2025-09-26,Flint Powers Catholic,Frankenmuth,7,48
2025-09-26,Flint Southwestern,Flint Beecher,20,14
2025-09-26,Fowler,Bath,61,7
2025-09-26,Frankfort,Harbor Springs,21,2
2025-09-26,Fremont,Muskegon Oakridge,16,41
2025-09-26,Fruitport,Comstock Park,35,14
2025-09-26,Galesburg-Augusta,Lawton,24,62
2025-09-26,Galloway Westland (OH),Dublin Scioto (OH),38,21
2025-09-26,Gibraltar Carlson,Taylor,48,8
2025-09-26,Gladwin,Standish-Sterling,35,0
2025-09-26,Goodrich,Clio,65,14
2025-09-26,Grand Rapids Christian,Ada Forest Hills Eastern,44,24
2025-09-26,Grand Rapids Forest Hills Central,Hudsonville Unity Christian,16,52
2025-09-26,Grand Rapids Forest Hills Northern,Muskegon,21,40
2025-09-26,Grand Rapids Union,Muskegon Reeths-Puffer,9,37
2025-09-26,Grandville,Rockford,0,28
2025-09-26,Greenville,Coopersville,7,42
2025-09-26,Grosse Ile,Milan,30,0
2025-09-26,Grosse Pointe North,Warren Woods Tower,52,0
2025-09-26,Grosse Pointe Woods University Liggett,Macomb Lutheran North,0,62
2025-09-26,Gwinn,West Iron County,0,1
2025-09-26,Hamtramck,Romulus Summit Academy North,0,36
2025-09-26,Hancock,Negaunee,0,44
2025-09-26,Hanover-Horton,Jonesville,28,14
2025-09-26,Harbor Beach,Unionville-Sebewaing,52,6
2025-09-26,Harrison Township L'Anse Creuse,Utica,7,37
2025-09-26,Hart,North Muskegon,18,29
2025-09-26,Hartland,Salem,28,21
2025-09-26,Hazel Park,Clinton Township Clintondale,20,14
2025-09-26,Holland,Belding,20,60
2025-09-26,Holland Christian,Grand Rapids Ottawa Hills,55,0
2025-09-26,Holland West Ottawa,Grand Haven,37,16
2025-09-26,Holly,Fenton,22,40
2025-09-26,Houghton,Menominee,12,56
2025-09-26,Houghton Lake,Beal City,0,48
2025-09-26,Howell,Canton,51,0
2025-09-26,Ida,Blissfield,55,6
2025-09-26,Imlay City,Algonac,22,6
2025-09-26,Ionia,Olivet,0,56
2025-09-26,Ishpeming Westwood,Gladstone,22,59
2025-09-26,Ithaca,Hemlock,44,0
2025-09-26,Jackson,Tecumseh,14,33
2025-09-26,Jackson Lumen Christi,Dearborn Divine Child,13,17
2025-09-26,Jackson Northwest,Marshall,30,26
2025-09-26,Jenison,Hudsonville,0,42
2025-09-26,Kalamazoo Central,Battle Creek Lakeview,33,20
2025-09-26,Kalamazoo Hackett Catholic Prep,Watervliet,61,0
2025-09-26,Kalamazoo Loy Norrix,Battle Creek Central,18,26
2025-09-26,Kalkaska,Johannesburg-Lewiston,56,0
2025-09-26,Kent City,Lakeview,67,0
2025-09-26,Kingsford,Calumet,17,15
2025-09-26,Kingsley,Traverse City St Francis,20,21
2025-09-26,L'Anse,Iron Mountain,26,30
2025-09-26,LaGrange Prairie Heights (IN),Butler Eastside (IN),0,42
2025-09-26,Lake Fenton,Ortonville Brandon,28,29
2025-09-26,Lake Orion,Oxford,34,41
2025-09-26,Lansing Eastern,Mason,6,42
2025-09-26,Lansing Everett,Grand Blanc,6,41
2025-09-26,Lansing Sexton,Charlotte,34,18
2025-09-26,Lansing Waverly,Grand Ledge,7,52
2025-09-26,Lapeer,Saginaw Heritage,20,42
2025-09-26,LeRoy Pine River,Evart,32,21
2025-09-26,Leslie,Michigan Center,32,36
2025-09-26,Lincoln Park,Allen Park,20,36
2025-09-26,Linden,Flushing,13,34
2025-09-26,Livonia Clarenceville,Detroit University Prep,20,12
2025-09-26,Livonia Franklin,Belleville,21,31
2025-09-26,Livonia Stevenson,Livonia Churchill,27,21
2025-09-26,Lombard Montini (IL),Aurora Marmion Academy (IL),47,0
2025-09-26,Lowell,Cedar Springs,28,35
2025-09-26,Madison Heights Bishop Foley,Clarkston Everest Collegiate,0,33
2025-09-26,Madison Heights Lamphere,Warren Fitzgerald,0,21
2025-09-26,Madison Heights Madison,New Haven,44,8
2025-09-26,Manistee,Whitehall,0,46
2025-09-26,Mansfield (MA),Marshfield (MA),18,22
2025-09-26,Manton,Lake City,57,8
2025-09-26,Marine City,St Clair Shores South Lake,56,18
2025-09-26,Marinette (WI),Peshtigo (WI),28,6
2025-09-26,Marquette,Sault Ste Marie,48,6
2025-09-26,Melvindale,Garden City,16,42
2025-09-26,Melvindale Academy for Business & Tech,Detroit Community,32,6
2025-09-26,Middleville Thornapple Kellogg,Grand Rapids Catholic Central,0,10
2025-09-26,Midland Dow,Traverse City Central,31,8
2025-09-26,Milford,Trenton,24,7
2025-09-26,Monroe,Saline,0,42
2025-09-26,Monroe St Mary Catholic Central,Carleton Airport,54,24
2025-09-26,Montague,Ludington,0,49
2025-09-26,Montpelier (OH),Ottawa Lake Whiteford,7,60
2025-09-26,Morley Stanwood,White Cloud,52,0
2025-09-26,Morris (IL),Maple Park Kaneland (IL),42,21
2025-09-26,Mount Clemens,Ecorse,14,48
2025-09-26,Mount Pleasant,Bay City Central,54,14
2025-09-26,Mt Morris,New Lothrop,24,41
2025-09-26,Muskegon Catholic Central,Muskegon Orchard View,7,39
2025-09-26,Napoleon,Manchester,24,8
2025-09-26,New Boston Huron,Riverview,20,36
2025-09-26,New Lenox Lincoln Way West (IL),Aurora Waubonsie Valley (IL),27,17
2025-09-26,New Market Huron Heights (CN),Oshawa Monsignor Paul Dwyer (CN),52,7
2025-09-26,Newaygo,Howard City Tri County,19,58
2025-09-26,Niles Brandywine,Dowagiac,0,68
2025-09-26,North Farmington,Troy Athens,40,21
2025-09-26,Novi,Plymouth,38,14
2025-09-26,Oak Park,Troy,33,7
2025-09-26,Ogemaw Heights,Clare,41,7
2025-09-26,Okemos,Holt,14,42
2025-09-26,Onsted,Clinton,0,49
2025-09-26,Otisville LakeVille Memorial,Durand,13,56
2025-09-26,Owosso,Corunna,34,14
2025-09-26,Parma Western,Coldwater,21,28
2025-09-26,Petoskey,Alpena,24,0
2025-09-26,Pewamo-Westphalia,Bark River-Harris,49,0
2025-09-26,Pinckney,Ypsilanti Community,14,37
2025-09-26,Pioneer North Central (OH),Petersburg Summerfield,29,36
2025-09-26,Plainwell,Paw Paw,0,39
2025-09-26,Pontiac Notre Dame Prep,Detroit Country Day,41,26
2025-09-26,Port Huron Northern,Port Huron,21,7
2025-09-26,Portage Central,Mattawan,46,3
2025-09-26,Portland,Lake Odessa Lakewood,35,0
2025-09-26,Quincy,Union City,14,38
2025-09-26,Ravenna,Mason County Central,15,18
2025-09-26,Reese,Marlette,28,14
2025-09-26,Remus Chippewa Hills,Grant,34,13
2025-09-26,Richland Gull Lake,Portage Northern,0,48
2025-09-26,Richmond,North Branch,37,7
2025-09-26,River Rouge,Toledo Central Catholic (OH),13,35
2025-09-26,Rochester,Rochester Hills Stoney Creek,0,34
2025-09-26,Rochester Hills Lutheran Northwest,Sterling Heights Parkway Christian,50,21
2025-09-26,Romeo,New Baltimore Anchor Bay,51,0
2025-09-26,Roscommon,McBain,22,54
2025-09-26,Roseville,Grosse Pointe South,25,47
2025-09-26,Royal Oak,Berkley,10,38
2025-09-26,Royal Oak Shrine Catholic,Allen Park Cabrini,26,27
2025-09-26,Saginaw Swan Valley,Essexville Garber,42,6
2025-09-26,Saginaw Valley Lutheran,Saginaw Michigan Lutheran Seminary,31,21
2025-09-26,Sand Creek,Springport,0,1
2025-09-26,Sandusky,Cass City,7,41
2025-09-26,Saranac,Perry,26,13
2025-09-26,Shelby,Hesperia,50,7
2025-09-26,Shepherd,Midland Bullock Creek,35,34
2025-09-26,South Haven,Parchment,49,15
2025-09-26,South Lyon East,Walled Lake Northern,31,7
2025-09-26,Southfield Arts & Technology,Harper Woods,0,34
2025-09-26,Sparta,Allendale,13,26
2025-09-26,Spring Lake,Grand Rapids West Catholic,14,21
2025-09-26,St Clair Shores Lake Shore,Marysville,0,39
2025-09-26,St Clair Shores Lakeview,Macomb L'Anse Creuse North,35,14
2025-09-26,St John Lake Central (IN),Michigan City (IN),17,37
2025-09-26,St Johns,Williamston,0,43
2025-09-26,St Joseph,Stevensville Lakeshore,35,14
2025-09-26,St Louis,Harrison,32,52
2025-09-26,Stockbridge,Reading,32,20
2025-09-26,Sturgis,Niles,6,49
2025-09-26,Swartz Creek,Flint Kearsley,31,12
2025-09-26,Tawas,Oscoda,14,20
2025-09-26,Three Rivers,Vicksburg,24,28
2025-09-26,Toledo Whitmer (OH),Whitehouse Anthony Wayne (OH),45,21
2025-09-26,Traverse City West,Midland,27,21
2025-09-26,Ubly,Vassar,36,22
2025-09-26,Utica Eisenhower,Sterling Heights Stevenson,15,3
2025-09-26,Utica Ford,Warren Cousino,0,35
2025-09-26,Vestaburg,Laingsburg,3,35
2025-09-26,Walled Lake Central,Waterford Mott,0,44
2025-09-26,Walled Lake Western,South Lyon,21,24
2025-09-26,Warren De La Salle Collegiate,Detroit Catholic Central,6,36
2025-09-26,Warren Lincoln,Clawson,6,41
2025-09-26,Warren Mott,Fraser,27,12
2025-09-26,Waterford Our Lady of the Lakes,Marine City Cardinal Mooney,35,0
2025-09-26,Wayland,Hamilton,28,12
2025-09-26,Wayne Memorial,Westland John Glenn,13,44
2025-09-26,West Bloomfield,Birmingham Groves,20,7
2025-09-26,West Chicago Wheaton Academy (IL),Elgin St Edward (IL),48,0
2025-09-26,White Lake Lakeland,Waterford Kettering,63,0
2025-09-26,Whitmore Lake,Lutheran Westland,63,7
2025-09-26,Wyandotte Roosevelt,Brownstown Woodhaven,7,49
2025-09-26,Wyoming,Grand Rapids South Christian,0,54
2025-09-26,Wyoming Godwin Heights,Wyoming Lee,1,0
2025-09-26,Wyoming Kelloggsville,Hopkins,30,22
2025-09-26,Yale,Armada,27,42
2025-09-26,Ypsilanti Lincoln,Adrian,0,3
2025-09-26,Zeeland East,Zeeland West,14,38
2025-09-27,Dearborn,Dearborn Fordson,20,56
2025-09-27,Hammond Morton (IN),Calumet Heritage Christian (IN),57,0
2025-09-27,Redford Westfield Prep,Detroit Leadership Academy,36,32
2025-09-27,West Unity Hilltop (OH),Erie Mason,39,6
2025-10-02,Detroit Douglass,Detroit Communication Media Arts,6,52
2025-10-02,Detroit Northwestern,Detroit Central,8,36
2025-10-02,Detroit Osborn,Detroit Denby,0,58
2025-10-02,Marinette (WI),Oconto (WI),42,0
2025-10-02,Windsor Holy Names (CN),Windsor Sandwich (CN),51,3
2025-10-03,Adrian,Tecumseh,23,7
2025-10-03,Allendale,Coopersville,7,35
2025-10-03,Alma,Flint Powers Catholic,33,27
2025-10-03,Almont,Armada,35,14
2025-10-03,Ann Arbor Father Gabriel Richard,Detroit Loyola,52,0
2025-10-03,Ann Arbor Huron,Saline,14,42
2025-10-03,Ann Arbor Skyline,Ann Arbor Pioneer,13,24
2025-10-03,Arts & Technology Academy of Pontiac,Detroit Leadership Academy,30,14
2025-10-03,Auburndale (WI),Abbotsford (WI),42,0
2025-10-03,Bath,Perry,26,21
2025-10-03,Battle Creek Harper Creek,Parma Western,46,8
2025-10-03,Battle Creek Lakeview,Kalamazoo Loy Norrix,18,48
2025-10-03,Battle Creek Pennfield,Coldwater,6,33
2025-10-03,Bay City Western,Mount Pleasant,17,28
2025-10-03,Beal City,Lake City,58,0
2025-10-03,Belleville,Dearborn,52,22
2025-10-03,Birmingham Seaholm,North Farmington,20,28
2025-10-03,Blissfield,Onsted,27,33
2025-10-03,Bridgeport,Saginaw Swan Valley,0,62
2025-10-03,Bronson,Comstock,52,0
2025-10-03,Brooklyn Columbia Central,Vandercook Lake,60,13
2025-10-03,Brownstown Woodhaven,Dearborn Edsel Ford,63,7
2025-10-03,Buchanan,Millington,8,35
2025-10-03,Burton Bendle,Genesee,14,6
2025-10-03,Burton Bentley,Flint Southwestern,50,18
2025-10-03,Caledonia,Grand Haven,28,6
2025-10-03,Calumet,Houghton,46,0
2025-10-03,Cass City,Caro,33,6
2025-10-03,Cedar Springs,Sault Ste Marie,63,7
2025-10-03,Central Montcalm,Morley Stanwood,22,8
2025-10-03,Centreville,Decatur,0,51
2025-10-03,Charlotte,Ionia,40,28
2025-10-03,Cincinnati Elder (OH),Cincinnati Moeller (OH),24,16
2025-10-03,Clare,Standish-Sterling,48,22
2025-10-03,Clarkson Football North (CN),Lanham Mt. Zion Prep (MD),38,6
2025-10-03,Clarkston,Lake Orion,42,21
2025-10-03,Clarkston Everest Collegiate,Marine City Cardinal Mooney,42,0
2025-10-03,Clinton,Hillsdale,69,14
2025-10-03,Clio,Ortonville Brandon,56,57
2025-10-03,Coloma,Delton Kellogg,28,7
2025-10-03,Constantine,Kalamazoo Hackett Catholic Prep,7,34
2025-10-03,Croswell-Lexington,Algonac,21,6
2025-10-03,Dansville,Fowler,6,54
2025-10-03,Dearborn Advanced Tech Academy,Livonia Clarenceville,0,1
2025-10-03,Dearborn Divine Child,Detroit U of D Jesuit,41,0
2025-10-03,Dearborn Fordson,Livonia Stevenson,35,0
2025-10-03,Dearborn Heights Annapolis,Redford Union,0,61
2025-10-03,Dearborn Heights Crestwood,Melvindale,56,20
2025-10-03,Dearborn Heights Robichaud,Redford Thurston,16,39
2025-10-03,Detroit Cody,Detroit Pershing,0,18
2025-10-03,Detroit Country Day,Orchard Lake St Mary's,0,49
2025-10-03,Detroit Edison,Detroit Lincoln-King,37,22
2025-10-03,Detroit Henry Ford,Detroit Southeastern,0,38
2025-10-03,Detroit Martin Luther King,Detroit East English,49,0
2025-10-03,Detroit Old Redford,Romulus Summit Academy North,0,30
2025-10-03,Detroit Renaissance,Detroit Mumford,28,35
2025-10-03,Detroit University Prep,Detroit University Prep Science & Math,0,36
2025-10-03,Detroit Western,Detroit Cass Tech,0,64
2025-10-03,Dowagiac,Berrien Springs,0,21
2025-10-03,Durand,Mt Morris,54,22
2025-10-03,East Grand Rapids,Holland Christian,41,21
2025-10-03,East Jordan,Mancelona,16,36
2025-10-03,East Kentwood,Holland West Ottawa,45,8
2025-10-03,East Lansing,Davison,14,57
2025-10-03,Eastpointe,Center Line,0,46
2025-10-03,Elk Rapids,Charlevoix,8,41
2025-10-03,Elkton-Pigeon-Bay Port Laker,Sandusky,44,20
2025-10-03,Escanaba,Marquette,38,20
2025-10-03,Essexville Garber,Freeland,13,49
2025-10-03,Evart,Manton,18,44
2025-10-03,Farmington,Troy,42,0
2025-10-03,Farwell,Sanford Meridian,6,41
2025-10-03,Ferndale,Pontiac,31,6
2025-10-03,Flint Beecher,Flint New Standard Academy,0,65
2025-10-03,Flint Hamady,Burton Atherton,48,0
2025-10-03,Flint Kearsley,Fenton,7,55
2025-10-03,Frankenmuth,Bay City John Glenn,51,12
2025-10-03,Fraser,Port Huron Northern,0,35
2025-10-03,Fremont,Muskegon Orchard View,28,55
2025-10-03,Fruitport,Belding,7,36
2025-10-03,Galesburg-Augusta,Saugatuck,42,10
2025-10-03,Galloway Westland (OH),Westerville North (OH),26,17
2025-10-03,Garden City,Romulus,11,34
2025-10-03,Garfield Heights (OH),Bedford (OH),46,0
2025-10-03,Gaylord,Alpena,41,0
2025-10-03,Gibraltar Carlson,Southgate Anderson,54,7
2025-10-03,Grand Blanc,Lapeer,51,0
2025-10-03,Grand Ledge,Lansing Everett,36,8
2025-10-03,Grand Rapids Catholic Central,Grand Rapids Ottawa Hills,58,0
2025-10-03,Grand Rapids Kenowa Hills,Lowell,49,35
2025-10-03,Grand Rapids Northview,Middleville Thornapple Kellogg,30,37
2025-10-03,Grand Rapids South Christian,Grand Rapids Forest Hills Central,43,36
2025-10-03,Grand Rapids Union,Byron Center,6,49
2025-10-03,Grand Rapids West Catholic,Grand Rapids Christian,51,14
2025-10-03,Grandville,Jenison,31,26
2025-10-03,Grant,Newaygo,34,28
2025-10-03,Grayling,Cheboygan,27,41
2025-10-03,Grosse Pointe North,St Clair Shores Lake Shore,14,13
2025-10-03,Gwinn,Iron Mountain,0,1
2025-10-03,Hamilton,Ada Forest Hills Eastern,27,14
2025-10-03,Hamilton St Thomas More (CN),Hamilton Cathedral (CN),16,6
2025-10-03,Hammond Morton (IN),Hammond Central (IN),76,0
2025-10-03,Hamtramck,Detroit Community,30,22
2025-10-03,Harper Woods,Rochester,41,7
2025-10-03,Harper Woods Chandler Park,Ecorse,14,8
2025-10-03,Hart,Mason County Central,30,27
2025-10-03,Hartford,Cassopolis,29,28
2025-10-03,Hartland,Howell,7,35
2025-10-03,Haslett,Williamston,14,20
2025-10-03,Hemlock,Saginaw Nouvel Catholic Central,0,53
2025-10-03,Hesperia,Ravenna,21,50
2025-10-03,Holt,DeWitt,0,58
2025-10-03,Homer,Hanover-Horton,6,54
2025-10-03,Hopkins,Comstock Park,47,20
2025-10-03,Howards Grove (WI),Cedar Grove-Belgium (WI),14,42
2025-10-03,Hudson,Dundee,64,14
2025-10-03,Ida,Adrian Madison,40,19
2025-10-03,Imlay City,Richmond,14,35
2025-10-03,Jackson,Monroe,26,20
2025-10-03,Jackson Northwest,Berkley,30,37
2025-10-03,Jonesville,Addison,20,0
2025-10-03,Kalamazoo Central,Portage Central,7,42
2025-10-03,Kingsford,Hancock,41,0
2025-10-03,Kingsley,Benzie Central,52,12
2025-10-03,L'Anse,Bark River-Harris,16,44
2025-10-03,Laingsburg,Saranac,20,36
2025-10-03,Lake Fenton,Corunna,48,20
2025-10-03,Lake Odessa Lakewood,Lansing Sexton,34,41
2025-10-03,Lansing Waverly,Okemos,23,33
2025-10-03,Lawton,Schoolcraft,14,18
2025-10-03,LeRoy Pine River,Roscommon,48,30
2025-10-03,Lincoln Park,Wyandotte Roosevelt,21,10
2025-10-03,Linden,Swartz Creek,45,12
2025-10-03,Livonia Franklin,Wayne Memorial,42,13
2025-10-03,Lombard Montini (IL),Mundelein Carmel (IL),55,54
2025-10-03,Macomb L'Anse Creuse North,Grosse Pointe South,6,42
2025-10-03,Macomb Lutheran North,Bloomfield Hills Cranbrook Kingswood,48,9
2025-10-03,Madison Heights Bishop Foley,Allen Park Cabrini,13,40
2025-10-03,Madison Heights Madison,Hazel Park,42,14
2025-10-03,Manchester,Leslie,30,29
2025-10-03,Manistee,Ludington,6,48
2025-10-03,Marlette,Harbor Beach,0,50
2025-10-03,Marshall,Hastings,40,54
2025-10-03,Marysville,Madison Heights Lamphere,24,21
2025-10-03,Mason,St Johns,31,20
2025-10-03,Mattawan,Stevensville Lakeshore,42,31
2025-10-03,McBain,Houghton Lake,45,0
2025-10-03,Menominee,Gladstone,61,6
2025-10-03,Michigan Center,East Jackson,1,0
2025-10-03,Midland,Traverse City Central,14,28
2025-10-03,Midland Bullock Creek,Ogemaw Heights,28,70
2025-10-03,Milan,Monroe St Mary Catholic Central,0,43
2025-10-03,Milford,South Lyon East,27,30
2025-10-03,Monroe Jefferson,New Boston Huron,43,7
2025-10-03,Montpelier (OH),Toledo Ottawa Hills (OH-2),36,18
2025-10-03,Montrose,Chesaning,54,0
2025-10-03,Morris (IL),Rochelle (IL),37,14
2025-10-03,Mount Clemens,Redford Westfield Prep,14,16
2025-10-03,Mount Pleasant Sacred Heart,Vestaburg,52,0
2025-10-03,Muskegon Catholic Central,Shelby,8,44
2025-10-03,Muskegon Reeths-Puffer,Grand Rapids Forest Hills Northern,27,40
2025-10-03,Negaunee,Ishpeming Westwood,1,0
2025-10-03,New Haven,Warren Lincoln,19,24
2025-10-03,New Lenox Lincoln Way West (IL),DeKalb (IL),52,21
2025-10-03,New Lothrop,Otisville LakeVille Memorial,43,20
2025-10-03,Niles,Three Rivers,49,0
2025-10-03,Niles Brandywine,Benton Harbor,32,12
2025-10-03,North Muskegon,Montague,26,39
2025-10-03,Northville,Canton,63,0
2025-10-03,Oak Park,Pontiac Notre Dame Prep,19,20
2025-10-03,Olivet,Eaton Rapids,56,21
2025-10-03,Oscoda,Johannesburg-Lewiston,14,26
2025-10-03,Otsego,Vicksburg,32,31
2025-10-03,Ottawa Lake Whiteford,Edon (OH),60,36
2025-10-03,Ovid-Elsie,Birch Run,42,7
2025-10-03,Owosso,Goodrich,13,49
2025-10-03,Oxford,West Bloomfield,34,33
2025-10-03,Parchment,Allegan,33,21
2025-10-03,Paw Paw,Sturgis,48,7
2025-10-03,Petersburg Summerfield,West Unity Hilltop (OH),27,30
2025-10-03,Petoskey,Cadillac,20,13
2025-10-03,Pinckney,Ypsilanti Lincoln,28,49
2025-10-03,Pinconning,Harrison,14,24
2025-10-03,Plainwell,Edwardsburg,14,31
2025-10-03,Plymouth,Brighton,3,52
2025-10-03,Port Huron,Utica Ford,35,12
2025-10-03,Portage Northern,St Joseph,42,36
2025-10-03,Portland,Lansing Catholic,54,7
2025-10-03,Reading,Quincy,24,16
2025-10-03,Reed City,Howard City Tri County,58,33
2025-10-03,Reese,Ubly,24,18
2025-10-03,Remus Chippewa Hills,Big Rapids,0,56
2025-10-03,Richland Gull Lake,Battle Creek Central,24,44
2025-10-03,Riverview,Flat Rock,34,14
2025-10-03,Riverview Gabriel Richard,Grosse Pointe Woods University Liggett,34,0
2025-10-03,Rochester Hills Stoney Creek,Rochester Adams,20,26
2025-10-03,Rockford,Hudsonville,28,35
2025-10-03,Romeo,Macomb Dakota,39,20
2025-10-03,Royal Oak,Auburn Hills Avondale,35,6
2025-10-03,Royal Oak Shrine Catholic,Waterford Our Lady of the Lakes,28,14
2025-10-03,Saginaw Heritage,Flint Carman-Ainsworth,49,14
2025-10-03,Saginaw Michigan Lutheran Seminary,Carrollton,69,16
2025-10-03,Saginaw United,Bay City Central,28,6
2025-10-03,Saginaw Valley Lutheran,Ithaca,23,22
2025-10-03,Salem,Novi,35,7
2025-10-03,Sand Creek,Vermontville Maple Valley,12,42
2025-10-03,Shepherd,Gladwin,14,25
2025-10-03,Southfield Arts & Technology,Birmingham Groves,22,43
2025-10-03,Southfield Bradford Academy,Melvindale Academy for Business & Tech,23,32
2025-10-03,Sparta,Greenville,24,13
2025-10-03,Spring Lake,Wayland,35,14
2025-10-03,Springport,Stockbridge,53,0
2025-10-03,St Clair,St Clair Shores South Lake,42,14
2025-10-03,St Clair Shores Lakeview,Harrison Township L'Anse Creuse,42,14
2025-10-03,St Louis,Beaverton,22,26
2025-10-03,Sterling Heights,Marine City,7,61
2025-10-03,Sterling Heights Parkway Christian,Auburn Hills Oakland Christian,13,22
2025-10-03,Sterling Heights Stevenson,New Baltimore Anchor Bay,45,6
2025-10-03,Taylor,Trenton,20,48
2025-10-03,Temperance Bedford,Dexter,13,38
2025-10-03,Toledo Central Catholic (OH),Toledo St John's Jesuit (OH),42,7
2025-10-03,Toledo Whitmer (OH),Sylvania Northview (OH),51,10
2025-10-03,Traverse City St Francis,Boyne City,20,13
2025-10-03,Traverse City West,Midland Dow,13,31
2025-10-03,Troy Athens,Bloomfield Hills,35,21
2025-10-03,Unionville-Sebewaing,Vassar,46,12
2025-10-03,Utica Eisenhower,Clinton Township Chippewa Valley,27,13
2025-10-03,Walled Lake Northern,Walled Lake Central,41,28
2025-10-03,Walled Lake Western,Waterford Kettering,56,8
2025-10-03,Warren Cousino,Warren Mott,39,14
2025-10-03,Warren De La Salle Collegiate,River Rouge,28,14
2025-10-03,Waterford Mott,South Lyon,20,21
2025-10-03,Watervliet,South Haven,0,39
2025-10-03,West Chicago Wheaton Academy (IL),Chicago Hope Academy (IL),21,28
2025-10-03,Westland John Glenn,Livonia Churchill,35,24
2025-10-03,White Cloud,Kent City,0,54
2025-10-03,White Lake Lakeland,Allen Park,43,36
2025-10-03,White Pigeon,Union City,36,0
2025-10-03,Whitehall,Muskegon Oakridge,13,14
2025-10-03,Whitmore Lake,Center Line Prep Academy,54,0
2025-10-03,Wyoming,Zeeland East,12,44
2025-10-03,Wyoming Godwin Heights,Holland,49,19
2025-10-03,Wyoming Lee,Wyoming Kelloggsville,0,1
2025-10-03,Yale,North Branch,24,21
2025-10-03,Ypsilanti Community,Chelsea,6,35
2025-10-04,Erie Mason,Pioneer North Central (OH),30,33
2025-10-04,Harbor Springs,Lakeview,43,7
2025-10-04,New Market Huron Heights (CN),Columbus Harvest Prep (OH),47,34
2025-10-04,Warren Woods Tower,Warren Fitzgerald,0,61
2025-10-04,West Iron County,Manistique,27,22
2025-10-05,Detroit Catholic Central,Bloomfield Hills Brother Rice,41,8
2025-10-09,Detroit Communication Media Arts,Detroit Northwestern,14,12
2025-10-09,Detroit Denby,Detroit Douglass,1,0
2025-10-09,Detroit Mumford,Detroit Southeastern,22,50
2025-10-09,Detroit Osborn,Detroit Cody,0,42
2025-10-09,Detroit Voyageur College Prep,Detroit Old Redford,1,0
2025-10-09,Garfield Heights (OH),Warrensville Heights (OH),48,0
2025-10-09,Windsor Holy Names (CN),Windsor Herman (CN),14,21
2025-10-10,Ada Forest Hills Eastern,Spring Lake,43,57
2025-10-10,Addison,Homer,22,7
2025-10-10,Adrian Madison,Blissfield,51,14
2025-10-10,Allegan,Watervliet,50,33
2025-10-10,Allen Park,Wyandotte Roosevelt,31,7
2025-10-10,Alma,Essexville Garber,14,7
2025-10-10,Alpena,Sault Ste Marie,41,0
2025-10-10,Ann Arbor Pioneer,Monroe,21,14
2025-10-10,Auburn Hills Oakland Christian,Rochester Hills Lutheran Northwest,8,34
2025-10-10,Auburndale (WI),Wisconsin Rapids Assumption (WI),41,6
2025-10-10,Bark River-Harris,Iron Mountain,38,14
2025-10-10,Bath,Laingsburg,34,14
2025-10-10,Bay City Central,Midland Dow,0,48
2025-10-10,Beal City,Evart,64,0
2025-10-10,Belleville,Westland John Glenn,28,23
2025-10-10,Benzie Central,Oscoda,54,12
2025-10-10,Berkley,Auburn Hills Avondale,27,8
2025-10-10,Birmingham Groves,Rochester Hills Stoney Creek,29,12
2025-10-10,Boyne City,Morley Stanwood,28,0
2025-10-10,Bridgeport,Frankenmuth,6,77
2025-10-10,Brooklyn Columbia Central,Jonesville,27,26
2025-10-10,Brownstown Woodhaven,Gibraltar Carlson,23,27
2025-10-10,Buchanan,Dowagiac,26,40
2025-10-10,Burton Atherton,Burton Bentley,38,22
2025-10-10,Byron Center,Muskegon Reeths-Puffer,42,7
2025-10-10,Cadillac,Greenville,0,21
2025-10-10,Calumet,Hancock,1,0
2025-10-10,Canton,Plymouth,0,41
2025-10-10,Caro,Sandusky,30,28
2025-10-10,Carrollton,Saginaw Valley Lutheran,6,49
2025-10-10,Cassopolis,Sand Creek,1,0
2025-10-10,Cedar Springs,Sparta,51,13
2025-10-10,Central Montcalm,Kent City,14,46
2025-10-10,Centreville,Hartford,20,14
2025-10-10,Charlevoix,Mancelona,15,12
2025-10-10,Cheboygan,Kingsley,22,57
2025-10-10,Chelsea,Pinckney,44,6
2025-10-10,Chesaning,Ovid-Elsie,16,58
2025-10-10,Cincinnati Elder (OH),Fort Thomas Highlands (KY),40,16
2025-10-10,Cincinnati Moeller (OH),Cleveland St Ignatius (OH),42,10
2025-10-10,Clare,Shepherd,40,14
2025-10-10,Clarkson Football North (CN),Lakewood St Edward (OH),23,42
2025-10-10,Clawson,New Haven,41,14
2025-10-10,Clinton,Hudson,16,32
2025-10-10,Clinton Township Clintondale,Madison Heights Madison,16,52
2025-10-10,Clio,Lake Fenton,35,43
2025-10-10,Coldwater,Okemos,42,7
2025-10-10,Comstock,Decatur,0,62
2025-10-10,Comstock Park,Wyoming Kelloggsville,18,22
2025-10-10,Coopersville,Grand Rapids Kenowa Hills,31,34
2025-10-10,Corunna,Goodrich,7,55
2025-10-10,Dansville,Perry,14,35
2025-10-10,Davison,Flint Carman-Ainsworth,58,0
2025-10-10,Dearborn,Wayne Memorial,29,21
2025-10-10,Dearborn Edsel Ford,Lincoln Park,0,42
2025-10-10,Dearborn Fordson,Livonia Churchill,41,14
2025-10-10,Delton Kellogg,Galesburg-Augusta,36,32
2025-10-10,Detroit Cass Tech,Detroit East English,67,0
2025-10-10,Detroit Catholic Central,Toledo St John's Jesuit (OH),48,7
2025-10-10,Detroit Henry Ford,Detroit Martin Luther King,0,51
2025-10-10,Detroit Pershing,Detroit Central,6,0
2025-10-10,Detroit Renaissance,Detroit Western,58,16
2025-10-10,Detroit U of D Jesuit,Detroit Country Day,0,35
2025-10-10,Detroit University Prep,Cass City,14,69
2025-10-10,DeWitt,Grand Ledge,59,7
2025-10-10,Dexter,Ann Arbor Skyline,48,7
2025-10-10,Dundee,Ida,28,63
2025-10-10,Durand,Birch Run,30,28
2025-10-10,East Lansing,Lansing Everett,24,6
2025-10-10,Eaton Rapids,Portland,6,54
2025-10-10,Edwardsburg,Three Rivers,27,0
2025-10-10,Elk Rapids,Tawas,46,6
2025-10-10,Escanaba,Gaylord,30,34
2025-10-10,Farmington,Bloomfield Hills,49,21
2025-10-10,Fenton,Linden,46,41
2025-10-10,Flint Beecher,Burton Bendle,0,42
2025-10-10,Flint Powers Catholic,Saginaw Swan Valley,3,36
2025-10-10,Flushing,Swartz Creek,40,28
2025-10-10,Fowlerville,Mason,13,58
2025-10-10,Frankfort,Muskegon Catholic Central,22,8
2025-10-10,Freeland,Bay City John Glenn,35,14
2025-10-10,Fremont,Montague,0,35
2025-10-10,Fruitport,Wyoming Godwin Heights,30,31
2025-10-10,Galloway Westland (OH),Westerville South (OH),14,21
2025-10-10,Garden City,Dearborn Heights Robichaud,7,36
2025-10-10,Genesee,Saranac,0,54
2025-10-10,Gladstone,Houghton,34,22
2025-10-10,Gladwin,Midland Bullock Creek,50,30
2025-10-10,Grand Haven,Grandville,42,28
2025-10-10,Grand Rapids Christian,Hamilton,29,28
2025-10-10,Grand Rapids Forest Hills Central,Zeeland West,24,38
2025-10-10,Grand Rapids Forest Hills Northern,Muskegon Mona Shores,14,27
2025-10-10,Grand Rapids Ottawa Hills,Grand Rapids Northview,0,42
2025-10-10,Grant,Big Rapids,0,26
2025-10-10,Grass Lake,Michigan Center,12,46
2025-10-10,Grayling,Kalkaska,38,15
2025-10-10,Grosse Ile,Monroe Jefferson,14,53
2025-10-10,Grosse Pointe North,Warren Fitzgerald,10,49
2025-10-10,Grosse Pointe South,St Clair Shores Lakeview,22,25
2025-10-10,Grosse Pointe Woods University Liggett,Ann Arbor Father Gabriel Richard,14,50
2025-10-10,Harbor Beach,Reese,33,14
2025-10-10,Harbor Springs,East Jordan,14,30
2025-10-10,Harper Woods Chandler Park,Detroit Edison,30,36
2025-10-10,Harrison,Farwell,38,22
2025-10-10,Harrison Township L'Anse Creuse,Roseville,6,56
2025-10-10,Hastings,Battle Creek Harper Creek,15,29
2025-10-10,Hazel Park,Warren Lincoln,42,6
2025-10-10,Hesperia,Mason County Central,20,49
2025-10-10,Holland,Hopkins,0,45
2025-10-10,Holland Christian,Grand Rapids Catholic Central,7,35
2025-10-10,Holland West Ottawa,Caledonia,33,30
2025-10-10,Holly,Flint Kearsley,40,14
2025-10-10,Holt,Lansing Waverly,42,7
2025-10-10,Houghton Lake,Roscommon,22,12
2025-10-10,Howard City Tri County,Remus Chippewa Hills,39,12
2025-10-10,Howell,Novi,42,0
2025-10-10,Hudsonville,East Kentwood,43,42
2025-10-10,Hudsonville Unity Christian,Wyoming,55,6
2025-10-10,Imlay City,Croswell-Lexington,7,42
2025-10-10,Ishpeming Westwood,Kingsford,0,42
2025-10-10,Jackson Lumen Christi,New Market Huron Heights (CN),34,14
2025-10-10,Jenison,Rockford,7,38
2025-10-10,Johannesburg-Lewiston,Maple City Glen Lake,6,49
2025-10-10,Kalamazoo Hackett Catholic Prep,South Haven,33,0
2025-10-10,Kalamazoo Loy Norrix,Richland Gull Lake,27,13
2025-10-10,LaGrange Prairie Heights (IN),Fremont (IN),6,45
2025-10-10,Lake City,McBain,6,56
2025-10-10,Lakeview,White Cloud,42,6
2025-10-10,Lansing Catholic,Lake Odessa Lakewood,13,21
2025-10-10,Lansing Sexton,Ionia,26,18
2025-10-10,Lawton,Coloma,70,27
2025-10-10,Livonia Stevenson,Livonia Franklin,11,43
2025-10-10,Lombard Montini (IL),Arlington Heights St Viator (IL),49,3
2025-10-10,Lowell,Allendale,56,0
2025-10-10,Ludington,Whitehall,32,7
2025-10-10,Lutheran Westland,Flint Hamady,6,41
2025-10-10,Macomb Dakota,Utica Eisenhower,14,7
2025-10-10,Macomb Lutheran North,Riverview Gabriel Richard,55,6
2025-10-10,Madison Heights Bishop Foley,Royal Oak Shrine Catholic,0,28
2025-10-10,Madison Heights Lamphere,St Clair Shores Lake Shore,37,0
2025-10-10,Manchester,Niles Brandywine,54,14
2025-10-10,Manistique,Howards Grove (WI),14,60
2025-10-10,Mansfield (MA),Stoughton (MA),35,7
2025-10-10,Manton,LeRoy Pine River,30,34
2025-10-10,Marine City,Eastpointe,67,0
2025-10-10,Marinette (WI),Mishicot (WI),51,30
2025-10-10,Marquette,Petoskey,27,17
2025-10-10,Marshall,Battle Creek Pennfield,36,7
2025-10-10,Marysville,Warren Woods Tower,57,0
2025-10-10,Melvindale,Dearborn Heights Annapolis,26,6
2025-10-10,Melvindale Academy for Business & Tech,Hamtramck,18,8
2025-10-10,Menominee,Negaunee,40,12
2025-10-10,Middleville Thornapple Kellogg,East Grand Rapids,7,34
2025-10-10,Midland,Saginaw Heritage,42,33
2025-10-10,Milan,Flat Rock,14,51
2025-10-10,Monroe St Mary Catholic Central,Riverview,13,14
2025-10-10,Morris (IL),Ottawa (IL),42,0
2025-10-10,Mount Pleasant,Traverse City West,29,8
2025-10-10,Mt Morris,Otisville LakeVille Memorial,26,19
2025-10-10,Muskegon,Grand Rapids Union,67,0
2025-10-10,Muskegon Orchard View,Hart,35,30
2025-10-10,Napoleon,Leslie,30,26
2025-10-10,New Baltimore Anchor Bay,Clinton Township Chippewa Valley,26,8
2025-10-10,New Boston Huron,Carleton Airport,56,14
2025-10-10,New Lothrop,Montrose,14,28
2025-10-10,Newaygo,Reed City,6,55
2025-10-10,North Branch,Armada,14,31
2025-10-10,North Farmington,Oak Park,21,6
2025-10-10,Northville,Hartland,55,9
2025-10-10,Orchard Lake St Mary's,Toledo Central Catholic (OH),36,21
2025-10-10,Ortonville Brandon,Owosso,22,34
2025-10-10,Oxford,Troy Athens,31,28
2025-10-10,Parchment,Constantine,29,60
2025-10-10,Parma Western,Jackson Northwest,32,28
2025-10-10,Paw Paw,Otsego,34,20
2025-10-10,Pewamo-Westphalia,Fowler,37,6
2025-10-10,Pinconning,Beaverton,33,30
2025-10-10,Pioneer North Central (OH),Edon (OH),15,47
2025-10-10,Pontiac,Royal Oak,0,40
2025-10-10,Pontiac Notre Dame Prep,Traverse City St Francis,63,38
2025-10-10,Port Huron Northern,Warren Mott,49,7
2025-10-10,Portage Central,Portage Northern,30,0
2025-10-10,Quincy,Springport,20,36
2025-10-10,Ravenna,North Muskegon,29,36
2025-10-10,Redford Union,Dearborn Heights Crestwood,24,7
2025-10-10,Redford Westfield Prep,Arts & Technology Academy of Pontiac,42,0
2025-10-10,Richmond,Almont,14,35
2025-10-10,Rochester,Southfield Arts & Technology,10,0
2025-10-10,Rochester Adams,Lake Orion,29,27
2025-10-10,Romulus,Redford Thurston,6,43
2025-10-10,Romulus Summit Academy North,Warren Michigan Collegiate,34,20
2025-10-10,Saginaw Michigan Lutheran Seminary,Hemlock,57,0
2025-10-10,Saginaw Nouvel Catholic Central,Ithaca,30,37
2025-10-10,Saginaw United,Grand Blanc,6,50
2025-10-10,Salem,Brighton,14,35
2025-10-10,Saline,Harper Woods,32,41
2025-10-10,Sanford Meridian,St Louis,44,0
2025-10-10,Saugatuck,Schoolcraft,13,33
2025-10-10,Shelby,Manistee,48,20
2025-10-10,South Lyon,Walled Lake Central,49,7
2025-10-10,Southfield Bradford Academy,Detroit Community,14,0
2025-10-10,St Clair Shores South Lake,Center Line,24,41
2025-10-10,St John Lake Central (IN),Merrillville (IN),18,42
2025-10-10,St Johns,Haslett,13,21
2025-10-10,St Joseph,Mattawan,39,37
2025-10-10,Standish-Sterling,Ogemaw Heights,0,43
2025-10-10,Sterling Heights,St Clair,2,51
2025-10-10,Sterling Heights Stevenson,Romeo,9,45
2025-10-10,Stevensville Lakeshore,Battle Creek Lakeview,56,14
2025-10-10,Sturgis,Plainwell,7,33
2025-10-10,Taylor,Tecumseh,26,36
2025-10-10,Temperance Bedford,Ann Arbor Huron,31,28
2025-10-10,Toledo Ottawa Hills (OH),Petersburg Summerfield,27,28
2025-10-10,Toledo St Francis De Sales (OH),Dearborn Divine Child,24,17
2025-10-10,Toledo Whitmer (OH),Findlay (OH),35,33
2025-10-10,Traverse City Central,Bay City Western,47,21
2025-10-10,Trenton,Southgate Anderson,28,7
2025-10-10,Troy,Birmingham Seaholm,7,42
2025-10-10,Ubly,Unionville-Sebewaing,22,28
2025-10-10,Union City,Reading,32,6
2025-10-10,Utica,Macomb L'Anse Creuse North,44,0
2025-10-10,Vandercook Lake,Hanover-Horton,7,56
2025-10-10,Vassar,Marlette,50,30
2025-10-10,Vermontville Maple Valley,Stockbridge,13,20
2025-10-10,Vicksburg,Niles,7,42
2025-10-10,Walled Lake Northern,Milford,9,49
2025-10-10,Walled Lake Western,White Lake Lakeland,42,35
2025-10-10,Warren Cousino,Port Huron,28,18
2025-10-10,Waterford Kettering,Livonia Clarenceville,14,0
2025-10-10,Waterford Mott,South Lyon East,38,24
2025-10-10,Waterford Our Lady of the Lakes,Clarkston Everest Collegiate,14,21
2025-10-10,Wayland,Grand Rapids West Catholic,19,48
2025-10-10,West Bloomfield,Clarkston,10,38
2025-10-10,West Chicago Wheaton Academy (IL),Kankakee Bishop McNamara (IL),14,29
2025-10-10,West Iron County,L'Anse,49,40
2025-10-10,West Unity Hilltop (OH),Montpelier (OH),28,58
2025-10-10,White Pigeon,Bronson,6,32
2025-10-10,Whitmore Lake,Sterling Heights Parkway Christian,41,0
2025-10-10,Williamston,Lansing Eastern,57,8
2025-10-10,Ypsilanti Community,Adrian,7,39
2025-10-10,Ypsilanti Lincoln,Jackson,36,32
2025-10-10,Zeeland East,Grand Rapids South Christian,12,41
2025-10-11,Bloomfield Hills Brother Rice,Warren De La Salle Collegiate,22,17
2025-10-11,Bloomfield Hills Cranbrook Kingswood,Detroit Loyola,39,20
2025-10-11,Detroit University Prep Science & Math,Vestaburg,30,12
2025-10-11,Flint New Standard Academy,Flint Southwestern,35,8
2025-10-11,Hammond Morton (IN),Hobart (IN),18,29
2025-10-11,Lapeer,New Lenox Lincoln Way West (IL),7,49
2025-10-11,Marine City Cardinal Mooney,Allen Park Cabrini,7,42
2025-10-11,Ottawa Lake Whiteford,Erie Mason,84,0
2025-10-16,Detroit East English,Detroit Communication Media Arts,40,8
2025-10-16,Detroit Henry Ford,Detroit Northwestern,18,0
2025-10-16,Detroit Mumford,Detroit Central,22,16
2025-10-16,Detroit Southeastern,Detroit Osborn,50,0
2025-10-16,Detroit Western,Detroit Cody,0,20
2025-10-16,Detroit Renaissance,Dearborn Divine Child,8,42
2025-10-16,Windsor Holy Names (CN),Essex (CN),35,13
2025-10-17,Detroit Cass Tech,Detroit Martin Luther King,35,19
2025-10-17,Detroit Denby,Detroit Pershing,20,6
2025-10-17,Clare,Beaverton,54,0
2025-10-17,Gladwin,Harrison,63,30
2025-10-17,Midland Bullock Creek,Farwell,39,24
2025-10-17,Ogemaw Heights,Sanford Meridian,34,0
2025-10-17,Shepherd,St Louis,23,8
2025-10-17,Standish-Sterling,Pinconning,21,8
2025-10-17,Clio,Swartz Creek,20,21
2025-10-17,Corunna,Flint Kearsley,38,20
2025-10-17,Lake Fenton,Linden,34,60
2025-10-17,Ortonville Brandon,Flushing,0,38
2025-10-17,Owosso,Holly,14,41
2025-10-17,Adrian,Jackson,48,7
2025-10-17,Akron Archbishop Hoban (OH),Central York (PA),46,21
2025-10-17,Allen Park Cabrini,Waterford Our Lady of the Lakes,21,6
2025-10-17,Allendale,Cedar Springs,20,51
2025-10-17,Alpena,Escanaba,6,39
2025-10-17,Ann Arbor Father Gabriel Richard,Macomb Lutheran North,44,19
2025-10-17,Ann Arbor Huron,Monroe,22,12
2025-10-17,Ann Arbor Skyline,Marlette,29,22
2025-10-17,Auburn Hills Avondale,Birmingham Groves,14,42
2025-10-17,Auburndale (WI),Iola-Scandinavia (WI),56,7
2025-10-17,Bark River-Harris,West Iron County,44,7
2025-10-17,Battle Creek Central,St Joseph,18,37
2025-10-17,Battle Creek Harper Creek,Marshall,41,22
2025-10-17,Battle Creek Pennfield,Jackson Northwest,35,50
2025-10-17,Bay City John Glenn,Flint Powers Catholic,38,0
2025-10-17,Bay City Western,Traverse City West,7,36
2025-10-17,Belding,Comstock Park,50,20
2025-10-17,Benton Harbor,Buchanan,6,40
2025-10-17,Birch Run,Otisville LakeVille Memorial,43,7
2025-10-17,Birmingham Seaholm,Rochester Adams,7,45
2025-10-17,Bloomfield Hills,West Bloomfield,0,37
2025-10-17,Brighton,Howell,28,37
2025-10-17,Brownstown Woodhaven,Trenton,24,14
2025-10-17,Byron Center,Grand Rapids Forest Hills Northern,41,13
2025-10-17,Calumet,Gladstone,46,3
2025-10-17,Carleton Airport,Milan,33,28
2025-10-17,Central Montcalm,Remus Chippewa Hills,46,14
2025-10-17,Charlevoix,Boyne City,13,12
2025-10-17,Chelsea,Ypsilanti Lincoln,35,7
2025-10-17,Chesaning,Durand,22,51
2025-10-17,Clarkston,Farmington,49,7
2025-10-17,Clarkston Everest Collegiate,Royal Oak Shrine Catholic,28,7
2025-10-17,Clinton Township Chippewa Valley,Harrison Township L'Anse Creuse,42,14
2025-10-17,Coldwater,Hastings,37,40
2025-10-17,Constantine,Watervliet,56,26
2025-10-17,Coopersville,Big Rapids,38,28
2025-10-17,Croswell-Lexington,Yale,38,17
2025-10-17,Dearborn Edsel Ford,Allen Park,0,57
2025-10-17,Dearborn Heights Annapolis,Romulus,0,53
2025-10-17,Dearborn Heights Robichaud,Dearborn Heights Crestwood,14,15
2025-10-17,Decatur,White Pigeon,22,14
2025-10-17,Detroit Catholic Central,Grand Ledge,36,14
2025-10-17,Detroit Community,Detroit Leadership Academy,46,0
2025-10-17,Detroit Loyola,Grosse Pointe Woods University Liggett,14,7
2025-10-17,Detroit Old Redford,Detroit Lincoln-King,0,1
2025-10-17,Detroit U of D Jesuit,Saginaw Heritage,14,42
2025-10-17,Dexter,Ann Arbor Pioneer,69,19
2025-10-17,Dowagiac,Williamston,7,46
2025-10-17,Dundee,Blissfield,29,21
2025-10-17,East Grand Rapids,Grand Rapids Ottawa Hills,61,14
2025-10-17,East Jordan,Frankfort,25,14
2025-10-17,Eaton Rapids,Lansing Sexton,13,48
2025-10-17,Elk Rapids,Benzie Central,42,14
2025-10-17,Essexville Garber,Bridgeport,42,0
2025-10-17,Evart,McBain,28,71
2025-10-17,Flat Rock,New Boston Huron,37,13
2025-10-17,Flint Hamady,Rochester Hills Lutheran Northwest,28,14
2025-10-17,Flint Southwestern,Burton Atherton,0,41
2025-10-17,Fowler,Ithaca,48,28
2025-10-17,Frankenmuth,Freeland,27,13
2025-10-17,Galesburg-Augusta,Coloma,46,29
2025-10-17,Galloway Westland (OH),Delaware Hayes (OH),24,17
2025-10-17,Gaylord,St Johns,32,28
2025-10-17,Genesee,Flint Beecher,1,0
2025-10-17,Grand Blanc,Davison,57,29
2025-10-17,Grand Haven,Hudsonville,14,63
2025-10-17,Grand Rapids Kenowa Hills,Greenville,42,0
2025-10-17,Grand Rapids Northview,Grand Rapids Catholic Central,7,35
2025-10-17,Grand Rapids South Christian,Hudsonville Unity Christian,14,42
2025-10-17,Grand Rapids Union,Muskegon Mona Shores,21,47
2025-10-17,Grand Rapids West Catholic,Ada Forest Hills Eastern,31,21
2025-10-17,Grandville,East Kentwood,20,35
2025-10-17,Gwinn,L'Anse,0,1
2025-10-17,Hammond Morton (IN),East Chicago Central (IN),58,6
2025-10-17,Hancock,Ishpeming Westwood,52,20
2025-10-17,Hanover-Horton,Addison,46,0
2025-10-17,Harbor Beach,Elkton-Pigeon-Bay Port Laker,20,6
2025-10-17,Harbor Springs,Oscoda,34,22
2025-10-17,Harper Woods,Ferndale,44,8
2025-10-17,Hartland,Canton,49,0
2025-10-17,Haslett,Parma Western,42,0
2025-10-17,Hesperia,Hart,21,44
2025-10-17,Holland,Fruitport,6,45
2025-10-17,Homer,Brooklyn Columbia Central,14,56
2025-10-17,Houghton,Negaunee,6,42
2025-10-17,Howards Grove (WI),Milwaukee Pius Xi (WI),27,12
2025-10-17,Hudson,Hillsdale,86,8
2025-10-17,Ida,Clinton,16,28
2025-10-17,Imlay City,Armada,0,42
2025-10-17,Ionia,Lansing Catholic,0,28
2025-10-17,Iron Mountain,Manistique,43,14
2025-10-17,Jonesville,Vandercook Lake,46,7
2025-10-17,Kalamazoo Central,Mattawan,45,28
2025-10-17,Kalamazoo Hackett Catholic Prep,Parchment,42,0
2025-10-17,Kalkaska,Kingsley,8,63
2025-10-17,Kent City,Howard City Tri County,24,21
2025-10-17,Kingsford,Menominee,14,49
2025-10-17,LaGrange Prairie Heights (IN),Ligonier West Noble (IN),6,42
2025-10-17,Laingsburg,Dansville,43,11
2025-10-17,Lake City,Houghton Lake,8,34
2025-10-17,Lake Orion,Oak Park,14,13
2025-10-17,Lakeview,Hemlock,13,12
2025-10-17,Lansing Eastern,Detroit University Prep Science & Math,50,44
2025-10-17,Lansing Everett,Holt,28,21
2025-10-17,Lansing Waverly,East Lansing,6,45
2025-10-17,LeRoy Pine River,Beal City,6,49
2025-10-17,Leslie,Millington,26,55
2025-10-17,Lincoln Park,Gibraltar Carlson,36,59
2025-10-17,Livonia Churchill,Livonia Franklin,26,34
2025-10-17,Livonia Clarenceville,Whitmore Lake,15,56
2025-10-17,Lombard Montini (IL),Chicago Saint Ignatius College Prep (IL),49,7
2025-10-17,Lowell,Sparta,35,14
2025-10-17,Macomb Dakota,Utica,17,26
2025-10-17,Macomb L'Anse Creuse North,Sterling Heights Stevenson,13,31
2025-10-17,Madison Heights Madison,St Clair Shores South Lake,52,28
2025-10-17,Mancelona,Johannesburg-Lewiston,44,6
2025-10-17,Manchester,Grass Lake,30,6
2025-10-17,Mansfield (MA),North Easton Oliver Ames (MA),41,0
2025-10-17,Maple City Glen Lake,Grayling,39,27
2025-10-17,Marinette (WI),Kewaunee (WI),21,42
2025-10-17,Marysville,Clinton Township Clintondale,62,8
2025-10-17,Mason County Central,Shelby,26,22
2025-10-17,Melvindale Academy for Business & Tech,Redford Westfield Prep,34,18
2025-10-17,Michigan Center,Napoleon,46,14
2025-10-17,Middleville Thornapple Kellogg,Holland Christian,22,21
2025-10-17,Midland Dow,Lapeer,50,0
2025-10-17,Milford,Walled Lake Central,41,19
2025-10-17,Monroe Jefferson,Monroe St Mary Catholic Central,15,20
2025-10-17,Montague,Manistee,24,22
2025-10-17,Montpelier (OH),Pioneer North Central (OH),56,42
2025-10-17,Montrose,Mt Morris,44,0
2025-10-17,Morley Stanwood,Grant,42,20
2025-10-17,Morris (IL),Sycamore (IL),50,10
2025-10-17,Mount Pleasant,Midland,10,0
2025-10-17,Muskegon Orchard View,Ludington,15,55
2025-10-17,Muskegon Reeths-Puffer,Muskegon,7,61
2025-10-17,New Baltimore Anchor Bay,Grosse Pointe South,14,42
2025-10-17,New Haven,Burton Bentley,55,14
2025-10-17,New Lenox Lincoln Way West (IL),Bradley-Bourbonnais Coummunity (IL),13,35
2025-10-17,Niles,Plainwell,49,14
2025-10-17,Niles Brandywine,Berrien Springs,26,47
2025-10-17,North Branch,Almont,14,43
2025-10-17,North Muskegon,Newaygo,56,34
2025-10-17,Novi,Northville,19,16
2025-10-17,Okemos,DeWitt,0,51
2025-10-17,Olivet,Lake Odessa Lakewood,42,14
2025-10-17,Onsted,Adrian Madison,35,53
2025-10-17,Orchard Lake St Mary's,Bloomfield Hills Brother Rice,31,43
2025-10-17,Otsego,Sturgis,49,0
2025-10-17,Ovid-Elsie,New Lothrop,56,25
2025-10-17,Oxford,North Farmington,27,14
2025-10-17,Perry,Pewamo-Westphalia,0,55
2025-10-17,Petersburg Summerfield,Ottawa Lake Whiteford,6,58
2025-10-17,Pinckney,Carrollton,62,23
2025-10-17,Plymouth,Salem,20,27
2025-10-17,Pontiac Notre Dame Prep,Marine City,21,12
2025-10-17,Port Huron,Madison Heights Lamphere,20,14
2025-10-17,Portage Central,Battle Creek Lakeview,58,0
2025-10-17,Portage Northern,Kalamazoo Loy Norrix,46,13
2025-10-17,Portland,Charlotte,49,7
2025-10-17,Ravenna,Muskegon Oakridge,29,23
2025-10-17,Reading,Bronson,0,44
2025-10-17,Redford Thurston,Garden City,43,0
2025-10-17,Redford Union,Melvindale,46,3
2025-10-17,Reed City,Hopkins,21,7
2025-10-17,Reese,Saginaw Michigan Lutheran Seminary,18,26
2025-10-17,Richland Gull Lake,Stevensville Lakeshore,41,56
2025-10-17,Richmond,Algonac,47,6
2025-10-17,Riverview,Grosse Ile,68,24
2025-10-17,Rochester Hills Stoney Creek,Berkley,37,0
2025-10-17,Rockford,Caledonia,34,14
2025-10-17,Romeo,Roseville,28,13
2025-10-17,Romulus Summit Academy North,Detroit Voyageur College Prep,40,6
2025-10-17,Roscommon,Manton,14,57
2025-10-17,Royal Oak,Rochester,0,41
2025-10-17,Saginaw Nouvel Catholic Central,Mount Pleasant Sacred Heart,35,0
2025-10-17,Saginaw Swan Valley,Alma,44,6
2025-10-17,Saginaw Valley Lutheran,Tawas,49,0
2025-10-17,Saline,Temperance Bedford,51,0
2025-10-17,Saranac,Bath,22,14
2025-10-17,Saugatuck,Lawton,17,56
2025-10-17,Sault Ste Marie,Petoskey,0,42
2025-10-17,Schoolcraft,Delton Kellogg,60,0
2025-10-17,South Haven,Allegan,31,0
2025-10-17,South Lyon,Wyandotte Roosevelt,56,7
2025-10-17,South Lyon East,Walled Lake Western,21,41
2025-10-17,Southfield Arts & Technology,Pontiac,36,0
2025-10-17,Southfield Bradford Academy,Hamtramck,26,12
2025-10-17,Southgate Anderson,Taylor,35,12
2025-10-17,Spring Lake,Hamilton,49,13
2025-10-17,St Clair,Hazel Park,38,26
2025-10-17,St Clair Shores Lake Shore,Warren Cousino,12,56
2025-10-17,St John Lake Central (IN),Valparaiso (IN),21,14
2025-10-17,Stockbridge,Sand Creek,64,32
2025-10-17,Tecumseh,Ypsilanti Community,35,6
2025-10-17,Three Rivers,Paw Paw,0,43
2025-10-17,Toledo Ottawa Hills (OH),Erie Mason,56,8
2025-10-17,Toledo St Francis De Sales (OH),Toledo Central Catholic (OH),0,40
2025-10-17,Toledo Whitmer (OH),Oregon Clay (OH),28,29
2025-10-17,Traverse City Central,Bay City Central,50,7
2025-10-17,Troy Athens,Troy,27,0
2025-10-17,Ubly,Cass City,6,42
2025-10-17,Union City,Springport,34,35
2025-10-17,Unionville-Sebewaing,Sandusky,45,14
2025-10-17,Utica Eisenhower,St Clair Shores Lakeview,27,30
2025-10-17,Utica Ford,Sterling Heights,55,6
2025-10-17,Vassar,Caro,24,36
2025-10-17,Vermontville Maple Valley,Quincy,14,17
2025-10-17,Vestaburg,Sterling Heights Parkway Christian,30,40
2025-10-17,Vicksburg,Edwardsburg,38,35
2025-10-17,Warren De La Salle Collegiate,Toledo St John's Jesuit (OH),48,22
2025-10-17,Warren Fitzgerald,Port Huron Northern,36,23
2025-10-17,Warren Mott,Grosse Pointe North,35,34
2025-10-17,Waterford Kettering,Walled Lake Northern,0,46
2025-10-17,Wayland,Grand Rapids Christian,21,31
2025-10-17,Wayne Memorial,Belleville,19,57
2025-10-17,West Chicago Wheaton Academy (IL),Aurora Christian (IL),27,28
2025-10-17,Westland John Glenn,Dearborn Fordson,28,38
2025-10-17,White Cloud,Wyoming Lee,1,0
2025-10-17,White Lake Lakeland,Waterford Mott,23,21
2025-10-17,Whitehall,Fremont,56,0
2025-10-17,Wyoming,Zeeland West,6,62
2025-10-17,Wyoming Godwin Heights,Wyoming Kelloggsville,41,22
2025-10-17,Zeeland East,Grand Rapids Forest Hills Central,28,14
2025-10-18,Bloomfield Hills Cranbrook Kingswood,Riverview Gabriel Richard,37,20
2025-10-18,Center Line,Warren Lincoln,28,20
2025-10-18,Detroit Country Day,Mason,14,19
2025-10-18,Detroit University Prep,Lutheran Westland,16,0
2025-10-18,Eastpointe,Clawson,0,51
2025-10-18,Edon (OH),West Unity Hilltop (OH),48,14
2025-10-18,Flint New Standard Academy,Burton Bendle,34,8
2025-10-18,Fowlerville,Cheboygan,34,12
2025-10-18,Garfield Heights (OH),Maple Heights (OH),20,18
2025-10-18,Marine City Cardinal Mooney,Madison Heights Bishop Foley,0,22
2025-10-18,Muskegon Catholic Central,Auburn Hills Oakland Christian,55,18
2025-10-19,Goodrich,Fenton,21,20
2025-10-23,Burton Bentley,Imlay City,0,55
2025-10-23,Lansing Eastern,Lansing Sexton,0,45
2025-10-23,Negaunee,Iron Mountain,44,7
2025-10-24,Reading,Centreville,14,40
2025-10-24,Sand Creek,Comstock,56,34
2025-10-24,Springport,Bronson,7,0
2025-10-24,Stockbridge,White Pigeon,20,46
2025-10-24,Vermontville Maple Valley,Cassopolis,21,28
2025-10-24,East Jackson,Homer,8,56
2025-10-24,Grass Lake,Addison,22,6
2025-10-24,Leslie,Vandercook Lake,56,2
2025-10-24,Manchester,Jonesville,0,22
2025-10-24,Napoleon,Brooklyn Columbia Central,40,36
2025-10-24,Dearborn Fordson,Brighton,39,35
2025-10-24,Carleton Airport,Auburn Hills Avondale,24,15
2025-10-24,South Haven,Galesburg-Augusta,21,6
2025-10-24,Akron Archbishop Hoban (OH),Lakewood St Edward (OH),24,20
2025-10-24,Algonac,Madison Heights Madison,34,38
2025-10-24,Allegan,Coloma,44,37
2025-10-24,Allendale,Spring Lake,20,49
2025-10-24,Almont,Detroit Edison,53,46
2025-10-24,Ann Arbor Huron,Rochester Hills Stoney Creek,14,35
2025-10-24,Ann Arbor Pioneer,Pinckney,35,20
2025-10-24,Armada,Frankenmuth,14,42
2025-10-24,Bark River-Harris,Houghton,44,6
2025-10-24,Bath,Durand,0,50
2025-10-24,Battle Creek Lakeview,Richland Gull Lake,62,36
2025-10-24,Battle Creek Pennfield,Parma Western,35,34
2025-10-24,Bay City Central,Bay City Western,6,56
2025-10-24,Beaverton,Houghton Lake,34,8
2025-10-24,Belding,Wyoming Godwin Heights,52,20
2025-10-24,Belleville,Howell,36,57
2025-10-24,Benzie Central,Monroe Jefferson,12,52
2025-10-24,Berrien Springs,Hudson,0,38
2025-10-24,Big Rapids,Alma,48,7
2025-10-24,Birch Run,Ida,15,48
2025-10-24,Birmingham Seaholm,Birmingham Groves,14,21
2025-10-24,Bloomfield Hills Brother Rice,Sterling Heights Stevenson,24,15
2025-10-24,Boyne City,Kalkaska,27,20
2025-10-24,Bridgeport,Flint New Standard Academy,6,36
2025-10-24,Buchanan,Muskegon Catholic Central,46,6
2025-10-24,Burton Atherton,Grand Rapids Union,0,46
2025-10-24,Burton Bendle,Flint Southwestern,46,0
2025-10-24,Caledonia,Jenison,14,7
2025-10-24,Caro,Laingsburg,44,14
2025-10-24,Carrollton,Pinconning,12,35
2025-10-24,Cedar Springs,Coopersville,27,21
2025-10-24,Center Line Prep Academy,Detroit Community,0,1
2025-10-24,Central Montcalm,Hart,60,24
2025-10-24,Chelsea,Linden,35,28
2025-10-24,Cincinnati Elder (OH),Warren De La Salle Collegiate,35,7
2025-10-24,Cincinnati Moeller (OH),Muskegon,56,13
2025-10-24,Clarkson Football North (CN),Cleveland St Ignatius (OH),28,13
2025-10-24,Clarkston,Utica Eisenhower,42,0
2025-10-24,Clarkston Everest Collegiate,Saginaw Nouvel Catholic Central,17,34
2025-10-24,Clinton,Ubly,48,22
2025-10-24,Clinton Township Chippewa Valley,Southfield Arts & Technology,35,6
2025-10-24,Comstock Park,Olivet,14,49
2025-10-24,Constantine,Lawton,14,23
2025-10-24,Dansville,Vestaburg,34,14
2025-10-24,Davison,Lapeer,44,0
2025-10-24,Dearborn,Hartland,18,42
2025-10-24,Dearborn Divine Child,Detroit Southeastern,56,6
2025-10-24,Detroit Central,Warren Lincoln,22,6
2025-10-24,Detroit Country Day,Monroe St Mary Catholic Central,17,3
2025-10-24,Detroit Denby,Detroit University Prep Science & Math,34,18
2025-10-24,Detroit Douglass,Dearborn Heights Robichaud,0,48
2025-10-24,Detroit Lincoln-King,Detroit University Prep,28,6
2025-10-24,Detroit Northwestern,Detroit Western,20,22
2025-10-24,Detroit Old Redford,Redford Westfield Prep,0,1
2025-10-24,Detroit Osborn,Melvindale Academy for Business & Tech,0,40
2025-10-24,Dexter,Flushing,42,12
2025-10-24,East Grand Rapids,Grand Rapids Forest Hills Central,34,6
2025-10-24,East Jordan,Elk Rapids,20,6
2025-10-24,East Kentwood,Grand Haven,49,29
2025-10-24,East Lansing,Holt,28,14
2025-10-24,Eaton Rapids,Milan,14,16
2025-10-24,Ecorse,Hamtramck,38,11
2025-10-24,Erie Mason,Petersburg Summerfield,0,29
2025-10-24,Escanaba,Gladstone,38,12
2025-10-24,Essexville Garber,Owosso,14,34
2025-10-24,Evart,Harrison,14,58
2025-10-24,Farmington,Dearborn Heights Crestwood,40,0
2025-10-24,Farwell,Harbor Springs,8,37
2025-10-24,Ferndale,Detroit Renaissance,49,20
2025-10-24,Flat Rock,Macomb Lutheran North,41,14
2025-10-24,Flint Hamady,Lake Fenton,0,41
2025-10-24,Flint Kearsley,Flint Carman-Ainsworth,0,28
2025-10-24,Flint Powers Catholic,Yale,21,48
2025-10-24,Fowler,McBain,14,21
2025-10-24,Fowlerville,Charlotte,27,20
2025-10-24,Freeland,Cadillac,47,28
2025-10-24,Garden City,Detroit Cody,22,16
2025-10-24,Gibraltar Carlson,Allen Park,44,7
2025-10-24,Goodrich,Gladwin,63,42
2025-10-24,Grand Ledge,Okemos,63,6
2025-10-24,Grand Rapids Catholic Central,Grand Rapids South Christian,24,17
2025-10-24,Grand Rapids Northview,Grand Rapids Forest Hills Northern,35,70
2025-10-24,Grand Rapids Ottawa Hills,Benton Harbor,6,12
2025-10-24,Grand Rapids West Catholic,Zeeland West,28,16
2025-10-24,Grandville,Hudsonville,25,28
2025-10-24,Grant,Kent City,8,38
2025-10-24,Grayling,Shepherd,21,20
2025-10-24,Greenville,Lowell,13,37
2025-10-24,Grosse Pointe South,Grosse Pointe North,44,7
2025-10-24,Gwinn,Ishpeming Westwood,0,1
2025-10-24,Hamilton,Zeeland East,21,28
2025-10-24,Hamilton St Thomas More (CN),Hamilton St Jean de Brebeuf (CN),50,8
2025-10-24,Harper Woods,Mason,21,17
2025-10-24,Harper Woods Chandler Park,Detroit Mumford,34,8
2025-10-24,Harrison Township L'Anse Creuse,Port Huron,0,14
2025-10-24,Haslett,Jackson,32,10
2025-10-24,Hastings,Wayland,48,34
2025-10-24,Hazel Park,Detroit East English,41,20
2025-10-24,Hemlock,Mt Morris,37,6
2025-10-24,Hillsdale,Blissfield,27,20
2025-10-24,Holland Christian,Grand Rapids Christian,35,22
2025-10-24,Holly,Walled Lake Northern,21,20
2025-10-24,Hudsonville Unity Christian,Pontiac Notre Dame Prep,25,34
2025-10-24,Ithaca,Beal City,8,39
2025-10-24,Jackson Northwest,Battle Creek Harper Creek,16,48
2025-10-24,Kalamazoo Loy Norrix,Kalamazoo Central,10,52
2025-10-24,Kingsley,Charlevoix,44,18
2025-10-24,L'Anse,Calumet,8,42
2025-10-24,Lake Odessa Lakewood,Ionia,33,14
2025-10-24,Lansing Everett,DeWitt,7,63
2025-10-24,Livonia Churchill,Plymouth,20,22
2025-10-24,Livonia Clarenceville,Bloomfield Hills Cranbrook Kingswood,41,62
2025-10-24,Livonia Franklin,Northville,14,35
2025-10-24,Livonia Stevenson,Salem,6,34
2025-10-24,Lombard Montini (IL),Burbank St. Laurence (IL),23,0
2025-10-24,Ludington,Howard City Tri County,48,7
2025-10-24,Macomb Dakota,Oxford,20,24
2025-10-24,Madison Heights Bishop Foley,Grosse Pointe Woods University Liggett,17,0
2025-10-24,Madison Heights Lamphere,Berkley,24,3
2025-10-24,Mancelona,Maple City Glen Lake,22,23
2025-10-24,Manistee,Mason County Central,24,37
2025-10-24,Mansfield (MA),North Attleborough (MA),24,14
2025-10-24,Manton,Johannesburg-Lewiston,50,8
2025-10-24,Marlette,Elkton-Pigeon-Bay Port Laker,12,42
2025-10-24,Marquette,Kingsford,21,13
2025-10-24,Marshall,Coldwater,28,7
2025-10-24,Mattawan,Battle Creek Central,26,22
2025-10-24,Menominee,Manistique,1,0
2025-10-24,Middleville Thornapple Kellogg,Wyoming,49,0
2025-10-24,Midland Dow,Midland,34,7
2025-10-24,Millington,Harbor Beach,7,41
2025-10-24,Montague,Ravenna,28,25
2025-10-24,Montrose,Detroit Loyola,56,0
2025-10-24,Morley Stanwood,LeRoy Pine River,28,31
2025-10-24,Morris (IL),Byron Center,26,38
2025-10-24,Muskegon Oakridge,North Muskegon,41,27
2025-10-24,Muskegon Orchard View,Shelby,35,34
2025-10-24,Muskegon Reeths-Puffer,Ada Forest Hills Eastern,22,37
2025-10-24,New Haven,Utica Ford,18,21
2025-10-24,New Lenox Lincoln Way West (IL),Stagg (IL),49,0
2025-10-24,New Lothrop,Cheboygan,21,16
2025-10-24,Newaygo,Fremont,26,16
2025-10-24,North Branch,Fenton,21,54
2025-10-24,Oak Park,Bloomfield Hills,34,28
2025-10-24,Onsted,Detroit Henry Ford,36,16
2025-10-24,Orchard Lake St Mary's,River Rouge,20,3
2025-10-24,Oscoda,Frankfort,22,38
2025-10-24,Otisville LakeVille Memorial,Clio,36,42
2025-10-24,Ottawa Lake Whiteford,Toledo Ottawa Hills (OH),62,8
2025-10-24,Ovid-Elsie,Lansing Waverly,56,27
2025-10-24,Parchment,Delton Kellogg,29,8
2025-10-24,Paw Paw,Vicksburg,42,6
2025-10-24,Perry,Vassar,20,50
2025-10-24,Petoskey,Clare,49,7
2025-10-24,Pewamo-Westphalia,Lansing Catholic,35,7
2025-10-24,Plainwell,Otsego,0,39
2025-10-24,Pontiac,Ortonville Brandon,12,55
2025-10-24,Port Huron Northern,St Clair,35,26
2025-10-24,Quincy,Hartford,12,35
2025-10-24,Redford Union,Detroit Voyageur College Prep,6,0
2025-10-24,Reed City,Standish-Sterling,52,15
2025-10-24,Remus Chippewa Hills,Lakeview,0,7
2025-10-24,Riverview,Toledo St Francis De Sales (OH),6,44
2025-10-24,Riverview Gabriel Richard,Arts & Technology Academy of Pontiac,42,15
2025-10-24,Rochester,Monroe,42,6
2025-10-24,Rochester Adams,New Baltimore Anchor Bay,35,14
2025-10-24,Rochester Hills Lutheran Northwest,Detroit Leadership Academy,44,28
2025-10-24,Rockford,Holland West Ottawa,49,15
2025-10-24,Romeo,Grand Blanc,36,40
2025-10-24,Romulus,Warren Fitzgerald,6,48
2025-10-24,Royal Oak Shrine Catholic,Detroit Communication Media Arts,51,8
2025-10-24,Saginaw Heritage,Saginaw United,39,14
2025-10-24,Saginaw Michigan Lutheran Seminary,Cass City,30,14
2025-10-24,Saginaw Swan Valley,Midland Bullock Creek,49,37
2025-10-24,Saline,Lake Orion,49,14
2025-10-24,Sandusky,Reese,21,42
2025-10-24,Sanford Meridian,Alpena,46,20
2025-10-24,Saranac,White Cloud,39,0
2025-10-24,Sault Ste Marie,Gaylord,0,35
2025-10-24,Schoolcraft,Kalamazoo Hackett Catholic Prep,20,25
2025-10-24,South Lyon,South Lyon East,28,6
2025-10-24,Southfield Bradford Academy,Marine City Cardinal Mooney,20,3
2025-10-24,Southgate Anderson,Melvindale,59,6
2025-10-24,Sparta,Grand Rapids Kenowa Hills,35,56
2025-10-24,St Clair Shores Lake Shore,St Clair Shores Lakeview,7,42
2025-10-24,St Joseph,Portage Central,8,40
2025-10-24,St Louis,Hesperia,44,28
2025-10-24,Sterling Heights,Clinton Township Clintondale,26,70
2025-10-24,Sterling Heights Parkway Christian,Genesee,31,28
2025-10-24,Stevensville Lakeshore,Portage Northern,21,46
2025-10-24,Sturgis,Three Rivers,14,42
2025-10-24,Swartz Creek,Bay City John Glenn,30,13
2025-10-24,Tawas,Roscommon,20,30
2025-10-24,Taylor,Brownstown Woodhaven,32,28
2025-10-24,Tecumseh,Adrian Madison,41,0
2025-10-24,Temperance Bedford,Detroit Cass Tech,0,61
2025-10-24,Toledo Central Catholic (OH),Muskegon Mona Shores,35,13
2025-10-24,Toledo St John's Jesuit (OH),Detroit U of D Jesuit,52,28
2025-10-24,Traverse City West,Traverse City Central,21,20
2025-10-24,Trenton,Lincoln Park,49,26
2025-10-24,Troy,North Farmington,7,42
2025-10-24,Troy Athens,Fraser,40,7
2025-10-24,Unionville-Sebewaing,Saginaw Valley Lutheran,14,27
2025-10-24,Walled Lake Central,Walled Lake Western,21,63
2025-10-24,Warren Cousino,Utica,34,42
2025-10-24,Warren Woods Tower,Warren Mott,0,46
2025-10-24,Waterford Our Lady of the Lakes,Auburn Hills Oakland Christian,28,6
2025-10-24,Watervliet,Saugatuck,43,55
2025-10-24,Wayne Memorial,Canton,33,43
2025-10-24,West Bloomfield,Roseville,28,7
2025-10-24,West Chicago Wheaton Academy (IL),Chicago Christ the King Jesuit (IL),42,0
2025-10-24,West Iron County,Hancock,42,38
2025-10-24,Westland John Glenn,Novi,48,25
2025-10-24,White Lake Lakeland,Milford,45,31
2025-10-24,Whitehall,Portland,7,35
2025-10-24,Whitmore Lake,Flint Beecher,1,0
2025-10-24,Williamston,Redford Thurston,34,0
2025-10-24,Wyandotte Roosevelt,Dearborn Edsel Ford,42,8
2025-10-24,Wyoming Kelloggsville,Holland,40,34
2025-10-24,Ypsilanti Community,Mount Pleasant,12,34
2025-10-24,Ypsilanti Lincoln,St Johns,23,28
2025-10-25,Michigan Center,Hanover-Horton,14,20
2025-10-25,Ann Arbor Father Gabriel Richard,Allen Park Cabrini,42,7
2025-10-25,Detroit Catholic Central,Detroit Martin Luther King,26,14
2025-10-25,Jackson Lumen Christi,Center Line,42,7
2025-10-25,Eastpointe,Detroit Pershing,0,1
2025-10-25,Mount Pleasant Sacred Heart,Lake City,31,28
2025-10-25,Niles Brandywine,Mount Clemens,50,8
2025-10-25,Warren Michigan Collegiate,St Clair Shores South Lake,38,6
2025-10-25,Waterford Kettering,Waterford Mott,8,45
2025-10-31,Hudsonville,Jenison,47,7
2025-10-31,Rockford,Grandville,42,7
2025-10-31,Howell,Kalamazoo Central,45,20
2025-10-31,East Kentwood,Grand Ledge,49,15
2025-10-31,Detroit Catholic Central,Hartland,35,7
2025-10-31,Clarkston,Davison,52,14
2025-10-31,Grand Blanc,Oxford,49,30
2025-10-31,Saline,Salem,43,13
2025-10-31,Detroit Cass Tech,Northville,46,3
2025-10-31,Farmington,Dearborn Fordson,14,34
2025-10-31,Rochester Adams,Rochester,34,10
2025-10-31,Rochester Hills Stoney Creek,Utica Eisenhower,35,31
2025-10-31,Romeo,Sterling Heights Stevenson,14,13
2025-10-31,Muskegon,Muskegon Mona Shores,39,34
2025-10-31,Traverse City West,Traverse City Central,13,15
2025-10-31,Portage Central,Lansing Everett,67,19
2025-10-31,Byron Center,Portage Northern,47,6
2025-10-31,Midland Dow,Waterford Mott,51,15
2025-10-31,White Lake Lakeland,East Lansing,20,26
2025-10-31,Walled Lake Western,Bloomfield Hills Brother Rice,24,28
2025-10-31,North Farmington,Orchard Lake St Mary's,7,35
2025-10-31,South Lyon,South Lyon East,45,21
2025-10-31,Dexter,Livonia Franklin,42,7
2025-10-31,Gibraltar Carlson,Lincoln Park,48,8
2025-10-31,Allen Park,Temperance Bedford,14,42
2025-10-31,Birmingham Groves,Warren Mott,49,14
2025-10-31,Warren Cousino,Birmingham Seaholm,28,7
2025-10-31,Port Huron Northern,St Clair Shores Lakeview,14,21
2025-10-31,Mount Pleasant,Bay City Western,35,14
2025-10-31,Gaylord,Marquette,38,34
2025-10-31,Grand Rapids Kenowa Hills,Coopersville,7,42
2025-10-31,East Grand Rapids,Cedar Springs,23,21
2025-10-31,Niles,Zeeland West,21,30
2025-10-31,St Joseph,Zeeland East,20,6
2025-10-31,Lowell,Coldwater,49,14
2025-10-31,Hastings,Middleville Thornapple Kellogg,20,28
2025-10-31,DeWitt,Owosso,70,13
2025-10-31,Mason,Linden,28,35
2025-10-31,Adrian,Ypsilanti Lincoln,35,14
2025-10-31,Fenton,Holly,48,6
2025-10-31,Detroit Martin Luther King,Riverview,36,6
2025-10-31,Warren Fitzgerald,Warren De La Salle Collegiate,34,56
2025-10-31,Ludington,Big Rapids,31,32
2025-10-31,Hudsonville Unity Christian,Holland Christian,53,42
2025-10-31,Wyoming Godwin Heights,Spring Lake,35,42
2025-10-31,Battle Creek Harper Creek,Grand Rapids Christian,13,21
2025-10-31,Portland,Grand Rapids South Christian,42,41
2025-10-31,Paw Paw,Three Rivers,14,21
2025-10-31,Edwardsburg,Vicksburg,30,43
2025-10-31,Williamston,Lansing Sexton,47,6
2025-10-31,Haslett,St Johns,49,14
2025-10-31,Goodrich,Lake Fenton,51,6
2025-10-31,Chelsea,Fowlerville,42,14
2025-10-31,Dearborn Divine Child,Tecumseh,55,19
2025-10-31,Harper Woods,Macomb Lutheran North,45,16
2025-10-31,Harper Woods Chandler Park,Center Line,33,11
2025-10-31,Ogemaw Heights,Negaunee,29,28
2025-10-31,Saginaw Swan Valley,Clare,38,20
2025-10-31,Whitehall,Howard City Tri County,38,22
2025-10-31,Grand Rapids Catholic Central,Wyoming Kelloggsville,45,16
2025-10-31,Grand Rapids West Catholic,Muskegon Oakridge,56,7
2025-10-31,Kalamazoo Hackett Catholic Prep,Hopkins,41,20
2025-10-31,Berrien Springs,Dowagiac,34,20
2025-10-31,Ann Arbor Father Gabriel Richard,Detroit Cody,57,6
2025-10-31,Michigan Center,Romulus,50,14
2025-10-31,Romulus Summit Academy North,Detroit Voyageur College Prep,34,7
2025-10-31,Monroe Jefferson,Flat Rock,36,8
2025-10-31,Pontiac Notre Dame Prep,Hazel Park,59,0
2025-10-31,Frankenmuth,Yale,56,0
2025-10-31,Richmond,Armada,14,10
2025-10-31,Reed City,Sanford Meridian,63,28
2025-10-31,Central Montcalm,Montague,20,40
2025-10-31,Belding,Ovid-Elsie,28,14
2025-10-31,Olivet,Kent City,22,28
2025-10-31,Montrose,Flint New Standard Academy,52,8
2025-10-31,Jackson Lumen Christi,Onsted,56,7
2025-10-31,Napoleon,Buchanan,26,20
2025-10-31,Ecorse,Adrian Madison,40,38
2025-10-31,Ida,Dearborn Heights Robichaud,57,26
2025-10-31,Detroit Edison,Detroit Central,42,18
2025-10-31,Detroit Pershing,Warren Michigan Collegiate,14,36
2025-10-31,Almont,Clinton Township Clintondale,42,12
2025-10-31,Marine City,Clawson,52,7
2025-10-31,Menominee,Manton,48,17
2025-10-31,Charlevoix,McBain,27,28
2025-10-31,Harrison,Morley Stanwood,36,8
2025-10-31,Elkton-Pigeon-Bay Port Laker,Cass City,17,0
2025-10-31,Schoolcraft,Galesburg-Augusta,42,21
2025-10-31,Lawton,Constantine,49,28
2025-10-31,Hanover-Horton,Union City,44,6
2025-10-31,Bronson,Jonesville,52,12
2025-10-31,Monroe St Mary Catholic Central,Leslie,27,2
2025-10-31,Clinton,Ottawa Lake Whiteford,36,20
2025-10-31,Millington,Burton Bendle,49,0
2025-10-31,Detroit Community,Rochester Hills Lutheran Northwest,14,42
2025-10-31,Bark River-Harris,West Iron County,54,6
2025-10-31,Iron Mountain,L'Anse,31,15
2025-10-31,Maple City Glen Lake,Mancelona,35,0
2025-10-31,East Jordan,Frankfort,34,6
2025-10-31,Beal City,Mount Pleasant Sacred Heart,49,7
2025-10-31,Saginaw Nouvel Catholic Central,Saginaw Michigan Lutheran Seminary,34,28
2025-10-31,Harbor Beach,Reese,49,8
2025-10-31,Unionville-Sebewaing,Genesee,64,14
2025-10-31,Hudson,Centreville,52,13
2025-10-31,Decatur,White Pigeon,20,22
2025-10-31,Springport,Manchester,47,8
2025-10-31,New Lothrop,Fowler,19,14
2025-10-31,Madison Heights Madison,Auburn Hills Oakland Christian,28,7
2025-10-31,Allen Park Cabrini,Southfield Bradford Academy,45,8
2025-11-01,Belleville,Brownstown Woodhaven,29,30
2025-11-01,Grosse Pointe South,Roseville,28,27
2025-11-01,Trenton,Redford Thurston,42,22
2025-11-01,Port Huron,Marysville,24,14
2025-11-01,Escanaba,Freeland,17,13
2025-11-01,Kingsford,Gladwin,26,6
2025-11-01,Detroit Southeastern,Detroit Denby,16,18
2025-11-01,Kingsley,Calumet,41,14
2025-11-01,Traverse City St Francis,Boyne City,55,35
2025-11-01,Flint Hamady,Durand,22,32
2025-11-01,Pewamo-Westphalia,Ravenna,41,12
2025-11-01,North Muskegon,Saranac,48,6
2025-11-01,Waterford Our Lady of the Lakes,Clarkston Everest Collegiate,14,34
2025-11-01,Melvindale Academy for Business & Tech,Riverview Gabriel Richard,6,34
2025-11-07,Hudsonville,Rockford,42,31
2025-11-07,Detroit Catholic Central,Brighton,45,7
2025-11-07,Clarkston,Grand Blanc,44,22
2025-11-07,Saline,Brownstown Woodhaven,57,17
2025-11-07,Detroit Cass Tech,Dearborn Fordson,48,8
2025-11-07,Rochester Adams,Rochester Hills Stoney Creek,43,18
2025-11-07,Romeo,Macomb Dakota,56,0
2025-11-07,Muskegon,Traverse City Central,14,16
2025-11-07,Portage Central,Byron Center,34,7
2025-11-07,Midland Dow,East Lansing,21,12
2025-11-07,Orchard Lake St Mary's,Bloomfield Hills Brother Rice,35,14
2025-11-07,South Lyon,Dexter,27,41
2025-11-07,Gibraltar Carlson,Temperance Bedford,33,14
2025-11-07,Birmingham Groves,Warren Cousino,36,22
2025-11-07,Mount Pleasant,Gaylord,42,0
2025-11-07,East Grand Rapids,Coopersville,17,0
2025-11-07,St Joseph,Zeeland West,24,48
2025-11-07,Lowell,Middleville Thornapple Kellogg,28,21
2025-11-07,DeWitt,Linden,45,0
2025-11-07,Adrian,Fenton,7,35
2025-11-07,Detroit Martin Luther King,Trenton,38,22
2025-11-07,Port Huron,Warren De La Salle Collegiate,6,34
2025-11-07,Hudsonville Unity Christian,Spring Lake,34,19
2025-11-07,Portland,Grand Rapids Christian,28,0
2025-11-07,Vicksburg,Three Rivers,21,17
2025-11-07,Williamston,Haslett,42,21
2025-11-07,Goodrich,Chelsea,27,7
2025-11-07,Dearborn Divine Child,Madison Heights Lamphere,41,7
2025-11-07,Harper Woods,Harper Woods Chandler Park,47,6
2025-11-07,Saginaw Swan Valley,Whitehall,36,20
2025-11-07,Grand Rapids Catholic Central,Grand Rapids West Catholic,20,21
2025-11-07,Kalamazoo Hackett Catholic Prep,Berrien Springs,21,6
2025-11-07,Ann Arbor Father Gabriel Richard,Michigan Center,18,35
2025-11-07,Romulus Summit Academy North,Monroe Jefferson,21,34
2025-11-07,Pontiac Notre Dame Prep,Detroit Denby,49,0
2025-11-07,Frankenmuth,Richmond,38,6
2025-11-07,Kingsley,Traverse City St Francis,57,6
2025-11-07,Reed City,Montague,45,14
2025-11-07,Belding,Kent City,16,24
2025-11-07,Jackson Lumen Christi,Napoleon,44,0
2025-11-07,Detroit Edison,Warren Michigan Collegiate,48,14
2025-11-07,Almont,Marine City,27,0
2025-11-07,Harrison,Shelby,16,30
2025-11-07,Schoolcraft,Lawton,26,0
2025-11-07,Hanover-Horton,Bronson,20,12
2025-11-07,Monroe St Mary Catholic Central,Clinton,14,22
2025-11-07,Millington,Rochester Hills Lutheran Northwest,49,0
2025-11-07,Bark River-Harris,Iron Mountain,41,20
2025-11-07,Maple City Glen Lake,East Jordan,28,14
2025-11-07,Beal City,Saginaw Nouvel Catholic Central,41,13
2025-11-07,Harbor Beach,Unionville-Sebewaing,35,12
2025-11-07,Hudson,White Pigeon,50,20
2025-11-07,Springport,New Lothrop,35,13
2025-11-07,Madison Heights Madison,Clarkston Everest Collegiate,22,17
2025-11-07,Allen Park Cabrini,Riverview Gabriel Richard,52,0
2025-11-08,Howell,East Kentwood,41,49
2025-11-08,Escanaba,Big Rapids,18,48
2025-11-08,Ogemaw Heights,Kingsford,41,6
2025-11-08,Montrose,Durand,49,16
2025-11-08,Menominee,McBain,49,6
2025-11-08,Pewamo-Westphalia,North Muskegon,56,28
2025-11-08,Elkton-Pigeon-Bay Port Laker,Ithaca,21,22
2025-11-14,Clarkston,Detroit Catholic Central,13,42
2025-11-14,Saline,Detroit Cass Tech,28,42
2025-11-14,Rochester Adams,Romeo,29,13
2025-11-14,Portage Central,Traverse City Central,24,20
2025-11-14,Midland Dow,Orchard Lake St Mary's,7,42
2025-11-14,Gibraltar Carlson,Dexter,42,56
2025-11-14,St Clair Shores Lakeview,Birmingham Groves,14,37
2025-11-14,Mount Pleasant,East Grand Rapids,28,14
2025-11-14,Lowell,Zeeland West,36,34
2025-11-14,DeWitt,Fenton,70,26
2025-11-14,Detroit Martin Luther King,Warren De La Salle Collegiate,20,38
2025-11-14,Hudsonville Unity Christian,Big Rapids,52,14
2025-11-14,Williamston,Goodrich,33,41
2025-11-14,Grand Rapids West Catholic,Kalamazoo Hackett Catholic Prep,27,0
2025-11-14,Monroe Jefferson,Michigan Center,71,45
2025-11-14,Pontiac Notre Dame Prep,Frankenmuth,42,28
2025-11-14,Kingsley,Reed City,18,14
2025-11-14,Jackson Lumen Christi,Ida,21,7
2025-11-14,Almont,Detroit Edison,44,8
2025-11-14,Pewamo-Westphalia,Ithaca,42,21
2025-11-14,Maple City Glen Lake,Bark River-Harris,21,22
2025-11-14,Hudson,Springport,68,22
2025-11-14,Madison Heights Madison,Allen Park Cabrini,32,34
2025-11-15,Hudsonville,East Kentwood,28,52
2025-11-15,Portland,Vicksburg,41,42
2025-11-15,Saginaw Swan Valley,Ogemaw Heights,14,34
2025-11-15,Kent City,Montrose,50,20
2025-11-15,Menominee,Shelby,43,0
2025-11-15,Hanover-Horton,Schoolcraft,14,22
2025-11-15,Millington,Clinton,18,20
2025-11-15,Harbor Beach,Beal City,26,15
2025-11-22,Detroit Catholic Central,East Kentwood,46,6
2025-11-22,Rochester Adams,Detroit Cass Tech,22,48
2025-11-22,Portage Central,Orchard Lake St Mary's,7,42
2025-11-22,Dexter,Birmingham Groves,41,6
2025-11-22,Mount Pleasant,Lowell,41,21
2025-11-22,DeWitt,Warren De La Salle Collegiate,41,20
2025-11-22,Hudsonville Unity Christian,Vicksburg,45,17
2025-11-22,Grand Rapids West Catholic,Ogemaw Heights,34,24
2025-11-22,Pontiac Notre Dame Prep,Monroe Jefferson,51,21
2025-11-22,Kent City,Kingsley,0,14
2025-11-22,Jackson Lumen Christi,Almont,25,19
2025-11-22,Menominee,Pewamo-Westphalia,32,28
2025-11-22,Clinton,Schoolcraft,14,43
2025-11-22,Harbor Beach,Bark River-Harris,40,0
2025-11-22,Hudson,Allen Park Cabrini,67,14
2025-11-28,Dexter,Orchard Lake St Mary's,14,51
2025-11-28,Hudsonville Unity Christian,Dearborn Divine Child,22,23
2025-11-28,Jackson Lumen Christi,Kingsley,28,14
2025-11-28,Hudson,Harbor Beach,20,31
2025-11-30,Detroit Catholic Central,Detroit Cass Tech,42,19
2025-11-30,DeWitt,Mount Pleasant,54,20
2025-11-30,Pontiac Notre Dame Prep,Grand Rapids West Catholic,14,42
2025-11-30,Menominee,Schoolcraft,34,6