date,home,away,home_score,away_score
2026-08-20,Cincinnati Princeton (OH),Cincinnati Moeller (OH),31,24
2026-08-20,Columbus Harvest Prep (OH),Versailles (OH),18,21
2026-08-20,Montpelier (OH),Antwerp (OH),21,14
2026-08-20,Toledo Scott (OH),Toledo St John's Jesuit (OH),8,44
2026-08-21,Bremen (IN),Churubusco (IN),49,14
2026-08-21,Clyde (OH),Bellevue (OH),0,42
2026-08-21,Columbus St Francis de Sales (OH),Youngstown Ursuline (OH),31,7
2026-08-21,Edon (OH),Edgerton (OH),40,7
2026-08-21,Elgin St Edward (IL),Melrose Park Walther Christian (IL),36,6
2026-08-21,Elkhart Jimtown (IN),Syracuse Wawasee (IN),41,21
2026-08-21,Marinette (WI),Two Rivers (WI),34,22
2026-08-21,New Lisbon (WI),Neillsville (WI),0,35
2026-08-21,Pioneer North Central (OH),Swanton (OH),12,13
2026-08-21,Portage (IN),Hammond Morton (IN),7,34
2026-08-21,Toledo Central Catholic (OH),Trotwood-Madison (OH),27,7
2026-08-21,Toledo St Francis De Sales (OH),Toledo MR Waite (OH),46,21
2026-08-21,Toledo Whitmer (OH),Reynoldsburg (OH),42,23
2026-08-21,Woodburn Woodlan (IN),LaGrange Prairie Heights (IN),21,0
2026-08-22,Chicago Kenwood Academy (IL),Palatine (IL),18,20
2026-08-27,Clinton Township Chippewa Valley,Detroit Catholic Central,0,55
2026-08-27,Grand Rapids Kenowa Hills,DeWitt,21,59
2026-08-27,New Baltimore Anchor Bay,Port Huron,21,28
2026-08-27,Ada Forest Hills Eastern,Grand Rapids Forest Hills Northern,28,21
2026-08-27,Addison,Perry,12,42
2026-08-27,Algonac,Clinton Township Clintondale,20,12
2026-08-27,Allegan,Coloma,17,44
2026-08-27,Allen Park Cabrini,Saginaw Nouvel Catholic Central,21,25
2026-08-27,Bath,Otisville LakeVille Memorial,10,55
2026-08-27,Battle Creek Lakeview,Battle Creek Harper Creek,0,38
2026-08-27,Bay City Central,Flint Carman-Ainsworth,26,44
2026-08-27,Bloomfield Hills,Harrison Township L'Anse Creuse,42,0
2026-08-27,Bloomfield Hills Cranbrook Kingswood,Detroit Mumford,25,22
2026-08-27,Brooklyn Columbia Central,Melvindale Academy for Business & Tech,67,0
2026-08-27,Burton Atherton,Carson City-Crystal,51,19
2026-08-27,Byron Center,Hudsonville,41,20
2026-08-27,Cadillac,Portland,22,29
2026-08-27,Carleton Airport,Tecumseh,34,40
2026-08-27,Caro,Bridgeport,64,6
2026-08-27,Cass City,Harbor Beach,34,0
2026-08-27,Cassopolis,Decatur,25,29
2026-08-27,Center Line,St Clair Shores South Lake,32,14
2026-08-27,Chelsea,Harper Woods,29,20
2026-08-27,Chesaning,Standish-Sterling,57,20
2026-08-27,Clarkston Everest Collegiate,Ubly,15,22
2026-08-27,Clawson,Detroit Pershing,41,0
2026-08-27,Clio,Mt Morris,58,0
2026-08-27,Constantine,Kalamazoo Hackett Catholic Prep,27,29
2026-08-27,Dearborn Heights Robichaud,Center Line Prep Academy,1,0
2026-08-27,Delton Kellogg,Watervliet,23,43
2026-08-27,Detroit Southeastern,Detroit Loyola,44,6
2026-08-27,Detroit Voyageur College Prep,Pinconning,59,6
2026-08-27,Dexter,Brighton,7,49
2026-08-27,Dundee,Adrian,14,50
2026-08-27,Durand,Corunna,14,13
2026-08-27,East Kentwood,Southfield Arts & Technology,55,0
2026-08-27,Farmington,Ann Arbor Huron,32,7
2026-08-27,Fenton,Midland Dow,13,35
2026-08-27,Ferndale,Madison Heights Lamphere,36,12
2026-08-27,Flushing,Ann Arbor Pioneer,14,12
2026-08-27,Fowlerville,Lansing Waverly,19,20
2026-08-27,Frankfort,Benzie Central,27,0
2026-08-27,Fruitport,Hopkins,28,34
2026-08-27,Garden City,Dearborn Edsel Ford,14,17
2026-08-27,Genesee,Detroit Leadership Academy,22,20
2026-08-27,Gobles,Niles Brandywine,28,36
2026-08-27,Grand Blanc,Belleville,24,23
2026-08-27,Grand Haven,Spring Lake,35,34
2026-08-27,Grand Ledge,Holland West Ottawa,40,21
2026-08-27,Grand Rapids Forest Hills Central,Battle Creek Central,49,54
2026-08-27,Grand Rapids NorthPointe Christian,Comstock Park,31,47
2026-08-27,Grand Rapids Northview,Grand Rapids West Catholic,21,48
2026-08-27,Grand Rapids Union,Grand Rapids Ottawa Hills,37,0
2026-08-27,Grant,Sparta,27,43
2026-08-27,Grosse Ile,Birch Run,13,17
2026-08-27,Grosse Pointe Woods University Liggett,Southfield Bradford Academy,28,14
2026-08-27,Hamilton,St Johns,42,33
2026-08-27,Hartland,Oxford,0,28
2026-08-27,Hastings,Middleville Thornapple Kellogg,16,25
2026-08-27,Hazel Park,St Clair,0,56
2026-08-27,Hemlock,Essexville Garber,14,20
2026-08-27,Hesperia,Farwell,14,34
2026-08-27,Holland,Wyoming Godwin Heights,38,58
2026-08-27,Holt,Mason,12,48
2026-08-27,Houghton Lake,Grayling,19,20
2026-08-27,Howell,Traverse City West,49,35
2026-08-27,Iron Mountain,Hancock,35,0
2026-08-27,Johannesburg-Lewiston,Tawas,26,14
2026-08-27,Kalamazoo Central,Jenison,20,27
2026-08-27,Kalkaska,Lake City,50,35
2026-08-27,Kingsford,Escanaba,35,16
2026-08-27,Kingsley,Reed City,22,0
2026-08-27,L'Anse,West Iron County,54,6
2026-08-27,Laingsburg,Vandercook Lake,20,22
2026-08-27,Lake Odessa Lakewood,Elkton-Pigeon-Bay Port Laker,16,8
2026-08-27,Lansing Eastern,Eaton Rapids,0,23
2026-08-27,Lansing Everett,Lansing Sexton,0,33
2026-08-27,Lawton,South Haven,58,33
2026-08-27,Lincoln Park,Taylor,48,30
2026-08-27,Linden,Haslett,44,23
2026-08-27,Livonia Churchill,Canton,27,8
2026-08-27,Lowell,East Grand Rapids,21,27
2026-08-27,Ludington,Coopersville,8,39
2026-08-27,Madison Heights Madison,Macomb Lutheran North,30,32
2026-08-27,Manton,Vestaburg,44,20
2026-08-27,Marquette,Negaunee,28,30
2026-08-27,Marysville,Almont,13,14
2026-08-27,Mattawan,Vicksburg,27,55
2026-08-27,MillingtonMillington Hometown Night,Detroit Communication Media Arts,55,14
2026-08-27,Morley Stanwood,Grandville Calvin Christian,14,15
2026-08-27,Mount Pleasant Sacred Heart,Ithaca,6,48
2026-08-27,Muskegon Oakridge,Zeeland East,0,30
2026-08-27,Muskegon Orchard View,Wyoming,49,0
2026-08-27,Muskegon Reeths-Puffer,Greenville,56,7
2026-08-27,New Boston Huron,Lake Fenton,40,28
2026-08-27,New Haven,Waterford Our Lady of the Lakes,46,0
2026-08-27,New Lothrop,Muskegon Catholic Central,54,0
2026-08-27,North Branch,Gaylord,21,14
2026-08-27,Northville,Lake Orion,38,31
2026-08-27,Onsted,Michigan Center,32,55
2026-08-27,Orchard Lake St Mary's,Muskegon Mona Shores,35,27
2026-08-27,Ortonville Brandon,Fraser,62,25
2026-08-27,Oscoda,Harbor Springs,13,20
2026-08-27,Otsego,Battle Creek Pennfield,13,12
2026-08-27,Ovid-Elsie,Howard City Tri County,28,30
2026-08-27,Parchment,Schoolcraft,21,28
2026-08-27,Petersburg Summerfield,Flint Beecher,42,0
2026-08-27,Petoskey,Croswell-Lexington,35,8
2026-08-27,Pontiac,Detroit Community,6,40
2026-08-27,Portage Northern,Caledonia,12,48
2026-08-27,River Rouge,Walled Lake Western,31,35
2026-08-27,Rochester,Macomb L'Anse Creuse North,21,0
2026-08-27,Rochester Hills Stoney Creek,Utica Eisenhower,34,23
2026-08-27,Romulus Summit Academy North,Detroit University Prep Science & Math,40,0
2026-08-27,Saginaw Swan Valley,Detroit Country Day,19,14
2026-08-27,Saginaw United,Bay City Western,0,38
2026-08-27,Saginaw Valley Lutheran,Rochester Hills Lutheran Northwest,35,0
2026-08-27,Sand Creek,Manchester,6,42
2026-08-27,Saugatuck,Galesburg-Augusta,23,24
2026-08-27,South Lyon East,Bay City John Glenn,21,0
2026-08-27,Southgate AndersonParents Night,Brownstown Woodhaven,14,52
2026-08-27,Sterling Heights,Flint Kearsley,0,51
2026-08-27,Sturgis,Coldwater,20,21
2026-08-27,Toledo Central Catholic (OH),Portage Central,24,14
2026-08-27,Trenton,Allen Park,42,14
2026-08-27,Troy Athens,Waterford Mott,19,27
2026-08-27,Utica Ford,Salem,21,27
2026-08-27,Vassar,Carrollton,68,6
2026-08-27,Walled Lake Central,Dearborn Heights Crestwood,7,48
2026-08-27,Walled Lake Northern,Auburn Hills Avondale,48,15
2026-08-27,Warren Cousino,Utica,6,48
2026-08-27,Warren De La Salle Collegiate,Hamtramck,71,6
2026-08-27,Warren Lincoln,Warren Woods Tower,33,0
2026-08-27,Warren Michigan Collegiate,Detroit Henry Ford,52,8
2026-08-27,Warren Mott,Warren Fitzgerald,0,56
2026-08-27,Westland John Glenn,Livonia Stevenson,26,14
2026-08-27,White Lake Lakeland,Dearborn,17,35
2026-08-27,White Pigeon,Hartford,0,60
2026-08-27,Whitmore Lake,Ecorse,0,44
2026-08-27,Wyandotte Roosevelt,Gibraltar Carlson,14,45
2026-08-27,Yale,Swartz Creek,45,48
2026-08-28,Detroit Cass Tech,Michigan City (IN),62,0
2026-08-28,North Farmington,Birmingham Groves,14,13
2026-08-28,Clarkston,South Lyon,37,16
2026-08-28,Davison,Roseville,28,8
2026-08-28,Flint New Standard Academy,Monroe Jefferson,6,44
2026-08-28,Flint Southwestern,Detroit East English,0,65
2026-08-28,Antwerp (OH),Edon (OH),12,35
2026-08-28,Armada,St Clair Shores Lakeview,28,14
2026-08-28,Auburn Hills Oakland Christian,Madison Heights Bishop Foley,0,35
2026-08-28,Bark River-Harris,Ishpeming Westwood,40,18
2026-08-28,Beal City,Ravenna,33,6
2026-08-28,Benton Harbor,Berrien Springs,6,51
2026-08-28,Bloomfield Hills Brother Rice,Macomb Dakota,30,20
2026-08-28,Bremen (IN),Bourbon Triton (IN),66,0
2026-08-28,Calumet,Houghton,14,7
2026-08-28,Cedar Springs,Zeeland West,20,46
2026-08-28,Charlevoix,East Jordan,36,30
2026-08-28,Cincinnati Moeller (OH),Grove Port Madison (OH),7,45
2026-08-28,Clare,Whitehall,48,22
2026-08-28,Clinton,Olivet,43,21
2026-08-28,Clyde (OH),Toledo Start (OH),33,6
2026-08-28,Columbus Harvest Prep (OH),Marion Local (OH),28,54
2026-08-28,Columbus St Francis de Sales (OH),Columbus Walnut Ridge (OH),41,6
2026-08-28,Dearborn Divine Child,Hudsonville Unity Christian,56,28
2026-08-28,Dearborn Fordson,West Bloomfield,14,13
2026-08-28,Dearborn Heights Annapolis,Ann Arbor Skyline,6,40
2026-08-28,Detroit Douglass,Melvindale,0,48
2026-08-28,Detroit Edison,Jackson Lumen Christi,21,39
2026-08-28,Detroit Lincoln-King,Detroit Cody,0,22
2026-08-28,Detroit Martin Luther King,Toledo Whitmer (OH),29,7
2026-08-28,Detroit Northwestern,Burton Bendle,0,60
2026-08-28,Detroit Renaissance,Grosse Pointe South,22,55
2026-08-28,Detroit U of D Jesuit,Detroit Denby,0,0
2026-08-28,Detroit University Prep,Detroit Osborn,34,2
2026-08-28,East Jackson,Reading,0,48
2026-08-28,Edgerton (OH),West Unity Hilltop (OH),28,36
2026-08-28,Edwardsburg,McBain,55,20
2026-08-28,Elkhart Jimtown (IN),Elkhart Concord (IN),13,48
2026-08-28,Erie Mason,Blissfield,6,48
2026-08-28,Flat Rock,Gladwin,29,53
2026-08-28,Grand Rapids South Christian,Grand Rapids Christian,35,14
2026-08-28,Grass Lake,Adrian Madison,34,43
2026-08-28,Hammond Morton (IN),Chesterton (IN),14,21
2026-08-28,Hanover-Horton,Hudson,6,56
2026-08-28,Harrison,LeRoy Pine River,46,14
2026-08-28,Hart,Reese,44,42
2026-08-28,Hillsdale,Jonesville,28,34
2026-08-28,Holland Christian,Allendale,14,0
2026-08-28,Holland Springfield (OH),Sylvania Northview (OH),41,7
2026-08-28,Ida,Redford Union,50,34
2026-08-28,Jackson Northwest,Kalamazoo Loy Norrix,30,33
2026-08-28,LaGrange Prairie Heights (IN),Buchanan,18,20
2026-08-28,Livonia Franklin,Berkley,42,0
2026-08-28,Loyal (WI),Neillsville (WI),41,7
2026-08-28,Lutheran Westland,Ann Arbor Father Gabriel Richard,14,68
2026-08-28,Manistee,Remus Chippewa Hills,20,42
2026-08-28,Manistique,St Helen Charlton Heston Academy,48,0
2026-08-28,Maple City Glen Lake,Mancelona,57,0
2026-08-28,Marine City Cardinal Mooney,International Academy of Flint,28,6
2026-08-28,Mason County Central,Lakeview,41,12
2026-08-28,Menominee,Marinette (WI),60,6
2026-08-28,Midland Bullock Creek,Sanford Meridian,0,34
2026-08-28,Milan,Redford Westfield Prep,47,12
2026-08-28,Montrose,Marshall,34,58
2026-08-28,Mount Clemens,Sterling Heights Parkway Christian,18,28
2026-08-28,Muskegon,Grandville,28,29
2026-08-28,Napoleon,Montague,46,35
2026-08-28,New Lenox Providence Catholic (IL),Chicago Kenwood Academy (IL),39,24
2026-08-28,Ogemaw Heights,Freeland,27,14
2026-08-28,Ottawa Lake Whiteford,Monroe St Mary Catholic Central,28,37
2026-08-28,Paulding (OH),Pioneer North Central (OH),46,0
2026-08-28,Pewamo-Westphalia,North Muskegon,17,9
2026-08-28,Pinckney,Owosso,42,20
2026-08-28,Plainwell,Dowagiac,32,18
2026-08-28,Plymouth,Monroe,40,28
2026-08-28,QuincyYouth Night,Vermontville Maple Valley,47,29
2026-08-28,Richmond,Marine City,13,20
2026-08-28,Royal Oak Shrine Catholic,Detroit Western,58,6
2026-08-28,Saginaw Michigan Lutheran Seminary,Fowler,41,56
2026-08-28,Saline,Rockford,39,12
2026-08-28,Shelby,White Cloud,54,6
2026-08-28,Springport,Bronson,35,14
2026-08-28,St Joseph,Niles,29,20
2026-08-28,Stevensville Lakeshore,Wayland,36,13
2026-08-28,Stockbridge,Leslie,30,57
2026-08-28,Temperance Bedford,Sterling Heights Stevenson,20,13
2026-08-28,Toledo Ottawa Hills (OH),Metamora Evergreen (OH),20,15
2026-08-28,Toledo St Francis De Sales (OH),Fort Wayne Bishop Dwenger (IN),0,35
2026-08-28,Toledo St John's Jesuit (OH),Whitehouse Anthony Wayne (OH),25,0
2026-08-28,Traverse City Central,Novi,55,22
2026-08-28,Union City,Homer,48,0
2026-08-28,Unionville-Sebewaing,Sandusky,30,16
2026-08-28,Wyoming Kelloggsville,Belding,20,60
2026-08-28,Ypsilanti Community,Riverview,21,30
2026-08-29,Milford,Birmingham Seaholm,30,13
2026-08-29,Mount Pleasant,Saginaw Heritage,23,13
2026-08-29,Romeo,Rochester Adams,17,10
2026-08-29,Eastpointe,Harper Woods Chandler Park,22,62
2026-08-29,Grand Rapids Catholic Central,Oak Park,24,12
2026-09-03,Adrian,Jackson Northwest,53,25
2026-09-03,Adrian Madison,Dundee,41,20
2026-09-03,Algonac,Hazel Park,38,21
2026-09-03,Ann Arbor Father Gabriel Richard,Whitmore Lake,53,12
2026-09-03,Ann Arbor Huron,Brownstown Woodhaven,20,34
2026-09-03,Armada,Almont,0,14
2026-09-03,Bark River-Harris,Gwinn,54,6
2026-09-03,Bath,Galesburg-Augusta,3,44
2026-09-03,Battle Creek Central,Lansing Everett,31,26
2026-09-03,Battle Creek Lakeview,Grand Ledge,14,35
2026-09-03,Bay City Central,Flint Kearsley,34,13
2026-09-03,Bay City John Glenn,Essexville Garber,35,7
2026-09-03,Belding,Holland,55,35
2026-09-03,Belleville,Howell,31,41
2026-09-03,Benton Harbor,Lake Odessa Lakewood,6,52
2026-09-03,Berkley,Birmingham Groves,6,49
2026-09-03,Birch Run,Ovid-Elsie,31,21
2026-09-03,Blissfield,Clinton,6,44
2026-09-03,Bloomfield Hills Cranbrook Kingswood,Detroit Loyola,39,0
2026-09-03,Brighton,Wayne Memorial,59,0
2026-09-03,Bronson,Stockbridge,59,6
2026-09-03,Byron Center,East Kentwood,14,42
2026-09-03,Cadillac,Alpena,34,21
2026-09-03,Caledonia,Windsor Holy Names (CN),57,7
2026-09-03,Carleton Airport,Monroe Jefferson,13,32
2026-09-03,Caro,Harbor Beach,28,6
2026-09-03,Carson City-Crystal,Sand Creek,8,50
2026-09-03,Cassopolis,White Pigeon,60,0
2026-09-03,Chelsea,Jackson,56,27
2026-09-03,Chesaning,Otisville LakeVille Memorial,44,40
2026-09-03,Clare,Sparta,7,45
2026-09-03,Clio,Lansing Eastern,36,20
2026-09-03,Coldwater (V),Richland Gull Lake (BV),1,0
2026-09-03,Coloma,Lawton,0,18
2026-09-03,Comstock,Saugatuck,22,26
2026-09-03,Comstock Park,Hopkins,6,39
2026-09-03,Coopersville,Grand Rapids West Catholic,41,21
2026-09-03,Corunna,Fowlerville,13,32
2026-09-03,Croswell-Lexington,Macomb Lutheran North,20,27
2026-09-03,Dearborn,Dearborn Heights Crestwood,28,14
2026-09-03,Dearborn Fordson,Plymouth,21,20
2026-09-03,Dearborn Heights Robichaud,Dearborn Heights Annapolis,52,12
2026-09-03,Decatur,Centreville,20,0
2026-09-03,Detroit Osborn,Perry,6,38
2026-09-03,Detroit Southeastern,Detroit Lincoln-King,50,14
2026-09-03,Detroit U of D Jesuit,Detroit Mumford,20,14
2026-09-03,Dowagiac,Three Rivers,14,37
2026-09-03,East Grand Rapids,Grand Rapids South Christian,19,42
2026-09-03,East Jackson,Quincy,0,39
2026-09-03,Eastpointe,St Clair,0,41
2026-09-03,Eaton Rapids,Charlotte,0,34
2026-09-03,Erie Mason,Melvindale Academy for Business & Tech,76,26
2026-09-03,Evart,Houghton Lake,46,8
2026-09-03,Farmington,Walled Lake Northern,28,7
2026-09-03,Ferndale,Harper Woods,12,48
2026-09-03,Flint Hamady,Detroit Denby,14,48
2026-09-03,Flint New Standard Academy,Genesee,34,0
2026-09-03,Flint Powers Catholic,Detroit East English,20,26
2026-09-03,Fowler,Lake City,49,0
2026-09-03,Frankenmuth,Alma,52,25
2026-09-03,Fremont,Whitehall,32,19
2026-09-03,Garden City,Melvindale,39,6
2026-09-03,Gaylord,Escanaba,35,25
2026-09-03,Gibraltar Carlson,Dearborn Edsel Ford,52,14
2026-09-03,Gladwin,Spring Lake,6,43
2026-09-03,Gobles,Hartford,22,26
2026-09-03,Goodrich,Lapeer,42,0
2026-09-03,Grand Blanc,Flint Carman-Ainsworth,48,0
2026-09-03,Grand Rapids Kenowa Hills,Big Rapids,45,7
2026-09-03,Grand Rapids NorthPointe Christian,Grandville Calvin Christian,31,28
2026-09-03,Grand Rapids Union,Okemos,0,21
2026-09-03,Grandville,Detroit Cass Tech,21,48
2026-09-03,Grass Lake,Napoleon,22,62
2026-09-03,Grayling,Elk Rapids,14,28
2026-09-03,Greenville,Ada Forest Hills Eastern,6,44
2026-09-03,Grosse Pointe North,Warren Cousino,38,0
2026-09-03,Grosse Pointe South,Roseville,40,0
2026-09-03,Hancock,West Iron County,58,0
2026-09-03,Harrison Township L'Anse Creuse,Madison Heights Lamphere,0,36
2026-09-03,Hart,Montague,30,20
2026-09-03,Hartland,Westland John Glenn,57,6
2026-09-03,Haslett,Fenton,20,27
2026-09-03,Hemlock,Midland Bullock Creek,0,20
2026-09-03,Holland West Ottawa,Mattawan,53,12
2026-09-03,Homer,Springport,12,41
2026-09-03,Hudsonville,East Lansing,49,0
2026-09-03,Hudsonville Unity Christian,Hammond Morton (IN),53,30
2026-09-03,Ida,Hillsdale,44,33
2026-09-03,International Academy of Flint,Flint Beecher,36,6
2026-09-03,Ithaca,Allen Park Cabrini,54,0
2026-09-03,Jenison,Grand Rapids Forest Hills Northern,34,31
2026-09-03,Kalamazoo Central,Detroit Renaissance,54,12
2026-09-03,Kalamazoo Hackett Catholic Prep,Allegan,52,0
2026-09-03,Kalamazoo Loy Norrix,Grand Rapids Ottawa Hills,41,18
2026-09-03,Kalkaska,Saginaw Valley Lutheran,0,35
2026-09-03,Kent City,Grant,42,27
2026-09-03,Kingsford,Houghton,34,6
2026-09-03,Lake Fenton,Dearborn Divine Child,7,42
2026-09-03,Lake Orion,Bloomfield Hills,44,3
2026-09-03,Lakeview,Farwell,17,14
2026-09-03,Lansing Waverly,Marshall,16,30
2026-09-03,LeRoy Pine River,McBain,6,51
2026-09-03,Leslie,Jonesville,62,64
2026-09-03,Lincoln Park,Southgate Anderson,44,34
2026-09-03,Linden,Bay City Western,20,3
2026-09-03,Livonia Clarenceville,Center Line Prep Academy,1,0
2026-09-03,Livonia Stevenson,South Lyon East,3,38
2026-09-03,Ludington,Muskegon Orchard View,22,14
2026-09-03,Madison Heights Bishop Foley,Mount Pleasant Sacred Heart,0,21
2026-09-03,Madison Heights Madison,Clinton Township Clintondale,48,8
2026-09-03,Manchester,Addison,44,0
2026-09-03,Manistee,Hesperia,56,7
2026-09-03,Manistique,L'Anse,22,36
2026-09-03,Manton,Beal City,0,35
2026-09-03,Maple City Glen Lake,Harbor Springs,27,18
2026-09-03,Marine City,Warren Woods Tower,69,24
2026-09-03,Marquette,Menominee,19,49
2026-09-03,Mason,DeWitt,30,17
2026-09-03,Michigan Center,Brooklyn Columbia Central,14,34
2026-09-03,Middleville Thornapple Kellogg,Hamilton,49,19
2026-09-03,Midland Dow,Saginaw Heritage,30,32
2026-09-03,Milan,Riverview,15,46
2026-09-03,Mount Pleasant,Saginaw United,39,26
2026-09-03,Mt Morris,Montrose,0,60
2026-09-03,Muskegon Catholic Central,Frankfort,0,48
2026-09-03,Muskegon Mona Shores,Portage Northern,33,0
2026-09-03,Muskegon Oakridge,Ravenna,27,28
2026-09-03,Muskegon Reeths-Puffer,Grand Haven,14,17
2026-09-03,New Boston Huron,Grosse Ile,47,30
2026-09-03,New Lothrop,Durand,23,14
2026-09-03,North Branch,Yale,34,14
2026-09-03,North Farmington,White Lake Lakeland,54,26
2026-09-03,Olivet,Lansing Catholic,54,12
2026-09-03,Onsted,Hudson,6,54
2026-09-03,Oscoda,East Jordan,6,42
2026-09-03,Paw Paw,Parma Western,42,7
2026-09-03,Pinconning,Flint Southwestern,26,0
2026-09-03,Pontiac Notre Dame Prep,Holly,7,42
2026-09-03,Portage Central,Grand Rapids Forest Hills Central,42,21
2026-09-03,Portland,Lansing Sexton,28,13
2026-09-03,Reading,Union City,8,41
2026-09-03,Reed City,Allendale,41,32
2026-09-03,Remus Chippewa Hills,Morley Stanwood,53,8
2026-09-03,Rochester,Rochester Adams,19,21
2026-09-03,Rochester Hills Lutheran Northwest,Royal Oak Shrine Catholic,14,38
2026-09-03,Royal Oak,Birmingham Seaholm,7,50
2026-09-03,Saginaw Nouvel Catholic Central,Clarkston Everest Collegiate,7,41
2026-09-03,Salem,Novi,26,14
2026-09-03,Sandusky,Reese,38,14
2026-09-03,Sanford Meridian,Howard City Tri County,48,14
2026-09-03,Schoolcraft,Delton Kellogg,42,7
2026-09-03,Shelby,Mason County Central,20,41
2026-09-03,Shepherd,Ortonville Brandon,42,28
2026-09-03,South Haven,Parchment,0,10
2026-09-03,South Lyon,Livonia Churchill,49,14
2026-09-03,St Clair Shores Lake Shore,Macomb L'Anse Creuse North,7,47
2026-09-03,St Clair Shores Lakeview,Clinton Township Chippewa Valley,42,21
2026-09-03,St Clair Shores South Lake,New Haven,28,34
2026-09-03,St Johns,Ionia,35,6
2026-09-03,Standish-Sterling,Kingsley,0,59
2026-09-03,Swartz Creek,Holt,20,22
2026-09-03,Tawas,Mancelona,46,6
2026-09-03,Taylor,Allen Park,26,46
2026-09-03,Traverse City Central,Redford Thurston,28,14
2026-09-03,Trenton,Wyandotte Roosevelt,21,35
2026-09-03,Troy Athens,Oxford,17,49
2026-09-03,Unionville-Sebewaing,Millington,14,19
2026-09-03,Utica,Sterling Heights Stevenson,16,12
2026-09-03,Utica Ford,Sterling Heights,59,0
2026-09-03,Vandercook Lake,Hanover-Horton,21,43
2026-09-03,Vassar,Cass City,30,33
2026-09-03,Vermontville Maple Valley,Saranac,14,15
2026-09-03,Vicksburg,Grand Rapids Northview,22,7
2026-09-03,Walled Lake Central,Milford,0,59
2026-09-03,Walled Lake Western,Livonia Franklin,58,7
2026-09-03,Warren De La Salle Collegiate,Windsor Sandwich (CN),1,0
2026-09-03,Warren Fitzgerald,Fraser,41,0
2026-09-03,Warren Lincoln,Detroit Central,0,38
2026-09-03,Warren Mott,Utica Eisenhower,20,70
2026-09-03,Waterford Mott,Auburn Hills Avondale,35,14
2026-09-03,Waterford Our Lady of the Lakes,Lutheran Westland,14,20
2026-09-03,Watervliet,Constantine,20,70
2026-09-03,Wayland,Holland Christian,14,33
2026-09-03,West Bloomfield,Troy,33,21
2026-09-03,White Cloud,Harrison,0,44
2026-09-03,Williamston,Hastings,21,50
2026-09-03,Wyoming Godwin Heights,Fruitport,16,27
2026-09-03,Wyoming Kelloggsville,Laingsburg,28,20
2026-09-03,Zeeland East,Flushing,29,21
2026-09-04,Ann Arbor Skyline,Saline,0,59
2026-09-04,Antwerp (OH),West Unity Hilltop (OH),48,12
2026-09-04,Battle Creek Harper Creek,Cedar Springs,19,0
2026-09-04,Berrien Springs,Otsego,56,14
2026-09-04,Bloomfield Hills Brother Rice,River Rouge,42,6
2026-09-04,Boone Grove (IN),Bremen (IN),,
2026-09-04,Carrollton,Bridgeport,53,0
2026-09-04,Center Line,Clawson,0,7
2026-09-04,Charlevoix,Boyne City,28,12
2026-09-04,Chesterton (IN),Michigan City (IN),,
2026-09-04,Clyde (OH),Ashland (OH),,
2026-09-04,Columbus Harvest Prep (OH),Jackson Lumen Christi,22,43
2026-09-04,Columbus St Francis de Sales (OH),Columbus East (OH),,
2026-09-04,Cuyahoga Heights (OH),Pioneer North Central (OH),36,7
2026-09-04,Detroit Catholic Central,Davison,56,14
2026-09-04,Detroit Cody,Detroit University Prep,52,0
2026-09-04,Detroit Communication Media Arts,Detroit Western,46,6
2026-09-04,Detroit Community,Detroit Douglass,59,0
2026-09-04,Detroit Edison,Warren Michigan Collegiate,30,18
2026-09-04,Detroit Northwestern,Petersburg Summerfield,0,40
2026-09-04,Detroit Old Redford,Ecorse,0,1
2026-09-04,Detroit University Prep Science & Math,Detroit Henry Ford,,
2026-09-04,Dexter,Monroe,21,7
2026-09-04,Edgerton (OH),Montpelier (OH),14,33
2026-09-04,Edon (OH),Hicksville (OH),50,6
2026-09-04,Edwardsburg,Elkhart Jimtown (IN),55,12
2026-09-04,Grosse Pointe Woods University Liggett,Mount Clemens,2,14
2026-09-04,Hamtramck,Detroit Voyageur College Prep,6,41
2026-09-04,Harper Woods Chandler Park,Romulus Summit Academy North,0,42
2026-09-04,Iron Mountain,North Muskegon,14,19
2026-09-04,LaGrange Prairie Heights (IN),LaGrange Lakeland (IN),,
2026-09-04,Louisville Trinity (KY),Cincinnati Moeller (OH),,
2026-09-04,Macomb Dakota,New Baltimore Anchor Bay,24,7
2026-09-04,Marine City Cardinal Mooney,Auburn Hills Oakland Christian,35,0
2026-09-04,Marinette (WI),Brussels Southern Door (WI),,
2026-09-04,Monroe St Mary Catholic Central,Flat Rock,29,19
2026-09-04,Negaunee,Gladstone,42,6
2026-09-04,Neillsville (WI),Elk Mound (WI),,
2026-09-04,Niles,Stevensville Lakeshore,16,21
2026-09-04,Niles Brandywine,Buchanan,0,48
2026-09-04,Oak Park,Waterford Kettering,48,0
2026-09-04,Orchard Lake St Mary's,Detroit Martin Luther King,42,44
2026-09-04,Ottawa Lake Whiteford,Pewamo-Westphalia,0,35
2026-09-04,Owosso,Aurora St Andrews (CN),7,49
2026-09-04,Peshtigo (WI),Sturgeon Bay (WI),,
2026-09-04,Petoskey,Sault Ste Marie,52,8
2026-09-04,Pinckney,Tecumseh,15,42
2026-09-04,Port Huron,Marysville,35,8
2026-09-04,Redford Union,Romulus,14,0
2026-09-04,Redford Westfield Prep,Detroit Country Day,,
2026-09-04,Rockford,Muskegon,42,6
2026-09-04,Romeo,Port Huron Northern,48,0
2026-09-04,Southfield Arts & Technology,Pontiac,36,0
2026-09-04,Southfield Bradford Academy,Detroit Pershing,30,0
2026-09-04,St Joseph,Lowell,34,35
2026-09-04,Sterling Heights Parkway Christian,Detroit Leadership Academy,47,6
2026-09-04,Sylvania Southview (OH),Toledo Whitmer (OH),,
2026-09-04,Toledo Ottawa Hills (OH),Swanton (OH),,
2026-09-04,Traverse City St Francis,Ogemaw Heights,13,33
2026-09-04,Traverse City West,Grand Rapids Christian,22,20
2026-09-04,Vestaburg,St Louis,16,0
2026-09-04,Wyoming,Plainwell,6,48
2026-09-04,Ypsilanti Lincoln,Ypsilanti Community,7,12
2026-09-04,Zeeland West,Midland,50,20
2026-09-05,Eureka St. Bernard (CA),Petaluma St Vincent de Paul (CA),,
2026-09-05,Grand Rapids Catholic Central,Chicago Kenwood Academy (IL),,
2026-09-05,Melrose Park Walther Christian (IL),Westmont (IL),,
2026-09-10,Ann Arbor Huron,Dexter,,
2026-09-10,Birmingham Groves,Southfield Arts & Technology,,
2026-09-10,Birmingham Seaholm,Waterford Mott,,
2026-09-10,Bloomfield Hills,Rochester,,
2026-09-10,Detroit Communication Media Arts,Detroit Denby,,
2026-09-10,Detroit Pershing,Detroit Northwestern,,
2026-09-10,Detroit Western,Detroit East English,,
2026-09-10,Ferndale,Berkley,,
2026-09-10,Livonia Stevenson,Walled Lake Central,,
2026-09-10,Monroe,Ann Arbor Skyline,,
2026-09-10,North Farmington,South Lyon East,,
2026-09-10,Saline,Ann Arbor Pioneer,,
2026-09-10,South Lyon,Walled Lake Western,,
2026-09-10,Southfield Bradford Academy,Marine City Cardinal Mooney,,
2026-09-10,Walled Lake Northern,Milford,,
2026-09-10,Waterford Our Lady of the Lakes,Bloomfield Hills Cranbrook Kingswood,,
2026-09-11,Ada Forest Hills Eastern,Flint New Standard Academy,,
2026-09-11,Adrian,Chelsea,,
2026-09-11,Adrian Madison,Hillsdale,,
2026-09-11,Algonac,Madison Heights Madison,,
2026-09-11,Allegan,Watervliet,,
2026-09-11,Allen Park,Southgate Anderson,,
2026-09-11,Allen Park Cabrini,Rochester Hills Lutheran Northwest,,
2026-09-11,Alma,Bridgeport,,
2026-09-11,Almont,Richmond,,
2026-09-11,Ann Arbor Father Gabriel Richard,Detroit University Prep Science & Math,,
2026-09-11,Armada,North Branch,,
2026-09-11,Arts & Technology Academy of Pontiac,Detroit Leadership Academy,,
2026-09-11,Bath,Saranac,,
2026-09-11,Battle Creek Lakeview,Kalamazoo Central,,
2026-09-11,Battle Creek Pennfield,Jackson Northwest,,
2026-09-11,Bay City Western,Midland,,
2026-09-11,Beaverton,St Louis,,
2026-09-11,Belding,Fruitport,,
2026-09-11,Belleville,Dearborn Fordson,,
2026-09-11,Benton Harbor,Dowagiac,,
2026-09-11,Berrien Springs,Melrose Park Walther Christian (IL),,
2026-09-11,Birch Run,Mt Morris,,
2026-09-11,Bremen (IN),Lakeville Laville (IN),,
2026-09-11,Brooklyn Columbia Central,Grass Lake,,
2026-09-11,Brownstown Woodhaven,Lincoln Park,,
2026-09-11,Brussels Southern Door (WI),Peshtigo (WI),,
2026-09-11,Burton Bendle,International Academy of Flint,,
2026-09-11,Caledonia,Rockford,,
2026-09-11,Calumet,Negaunee,,
2026-09-11,Cass City,Unionville-Sebewaing,,
2026-09-11,Cedar Springs,Allendale,,
2026-09-11,Center Line,Detroit U of D Jesuit,,
2026-09-11,Central Montcalm,Lakeview,,
2026-09-11,Centreville,Cassopolis,,
2026-09-11,Charlotte,Lake Odessa Lakewood,,
2026-09-11,Chicago Lane (IL),Chicago Kenwood Academy (IL),,
2026-09-11,Churubusco (IN),LaGrange Prairie Heights (IN),,
2026-09-11,Cincinnati Moeller (OH),Nashville Christ Presbyterian Academy (TN),,
2026-09-11,Clare,Ogemaw Heights,,
2026-09-11,Clarkston,Troy Athens,,
2026-09-11,Clarkston Everest Collegiate,Melvindale Academy for Business & Tech,,
2026-09-11,Clinton Township Chippewa Valley,Grosse Pointe South,,
2026-09-11,Clinton Township Clintondale,Marine City,,
2026-09-11,Clio,Corunna,,
2026-09-11,Clyde (OH),Temperance Bedford,,
2026-09-11,Coldwater,Lansing Waverly,,
2026-09-11,Coloma,Delton Kellogg,,
2026-09-11,Columbus Harvest Prep (OH),Sandusky Perkins (OH),,
2026-09-11,Columbus St Francis de Sales (OH),Cleveland Villa Angela-St Joseph (OH),,
2026-09-11,Comstock,Mount Pleasant Sacred Heart,,
2026-09-11,Constantine,Parchment,,
2026-09-11,Croswell-Lexington,Imlay City,,
2026-09-11,Davison,Traverse City Central,,
2026-09-11,Dearborn Divine Child,Detroit Country Day,,
2026-09-11,Dearborn Edsel Ford,Trenton,,
2026-09-11,Dearborn Heights Robichaud,Redford Union,,
2026-09-11,Detroit Catholic Central,Windsor Holy Names (CN),,
2026-09-11,Detroit Central,Detroit Cody,,
2026-09-11,Detroit Douglass,Detroit Osborn,,
2026-09-11,Detroit Lincoln-King,Madison Heights Bishop Foley,,
2026-09-11,Detroit Mumford,Detroit Henry Ford,,
2026-09-11,Detroit Renaissance,Detroit Martin Luther King,,
2026-09-11,Detroit Southeastern,Detroit Cass Tech,,
2026-09-11,DeWitt,Lansing Everett,,
2026-09-11,Dundee,Clinton,,
2026-09-11,Durand,Chesaning,,
2026-09-11,Durand-Arkansaw (WI),Neillsville (WI),,
2026-09-11,East Jordan,Maple City Glen Lake,,
2026-09-11,East Kentwood,Grandville,,
2026-09-11,Eaton Rapids,Ionia,,
2026-09-11,Edwardsburg,Sturgis,,
2026-09-11,Escanaba,Alpena,,
2026-09-11,Essexville Garber,Frankenmuth,,
2026-09-11,Flat Rock,Grosse Ile,,
2026-09-11,Flint Beecher,Burton Atherton,,
2026-09-11,Flint Carman-Ainsworth,Detroit University Prep,,
2026-09-11,Flint Hamady,Flint Powers Catholic,,
2026-09-11,Flint Southwestern,Genesee,,
2026-09-11,Flushing,Fenton,,
2026-09-11,Fowler,Laingsburg,,
2026-09-11,Fowlerville,Williamston,,
2026-09-11,Fraser,Port Huron,,
2026-09-11,Fremont,Hart,,
2026-09-11,Garden City,Dearborn Heights Annapolis,,
2026-09-11,Gaylord,Cadillac,,
2026-09-11,Gibraltar Carlson,Pontiac Notre Dame Prep,,
2026-09-11,Gladstone,Kingsford,,
2026-09-11,Grand Rapids Catholic Central,Hamilton St Thomas More (CN),,
2026-09-11,Grand Rapids Christian,East Grand Rapids,,
2026-09-11,Grand Rapids Forest Hills Northern,Grand Rapids Forest Hills Central,,
2026-09-11,Grand Rapids Northview,Muskegon Reeths-Puffer,,
2026-09-11,Grand Rapids Ottawa Hills,Wyoming,,
2026-09-11,Grand Rapids West Catholic,Grand Rapids South Christian,,
2026-09-11,Grandville Calvin Christian,Wyoming Kelloggsville,,
2026-09-11,Greenville,Grand Rapids Kenowa Hills,,
2026-09-11,Gwinn,West Iron County,,
2026-09-11,Hammond Morton (IN),Byron Center,,
2026-09-11,Hancock,Manistique,,
2026-09-11,Hanover-Horton,Addison,,
2026-09-11,Harbor Beach,Ubly,,
2026-09-11,Harbor Springs,Frankfort,,
2026-09-11,Harper Woods,Oak Park,,
2026-09-11,Harper Woods Chandler Park,Detroit Community,,
2026-09-11,Harrison,Pinconning,,
2026-09-11,Harrison Township L'Anse Creuse,Warren Cousino,,
2026-09-11,Hartford,Galesburg-Augusta,,
2026-09-11,Haslett,Mason,,
2026-09-11,Hazel Park,Warren Woods Tower,,
2026-09-11,Hemlock,Saginaw Michigan Lutheran Seminary,,
2026-09-11,Holland,Grand Rapids Union,,
2026-09-11,Holland Christian,Hamilton,,
2026-09-11,Holland West Ottawa,Jenison,,
2026-09-11,Holly,Swartz Creek,,
2026-09-11,Holt,East Lansing,,
2026-09-11,Homer,Reading,,
2026-09-11,Hopkins,Grand Rapids NorthPointe Christian,,
2026-09-11,Houghton,L'Anse,,
2026-09-11,Houghton Lake,LeRoy Pine River,,
2026-09-11,Howard City Tri County,Big Rapids,,
2026-09-11,Howell,Dearborn,,
2026-09-11,Hudson,Blissfield,,
2026-09-11,Hudsonville,Grand Haven,,
2026-09-11,Ida,Onsted,,
2026-09-11,Iron Mountain,Bark River-Harris,,
2026-09-11,Ishpeming Westwood,Menominee,,
2026-09-11,Ithaca,Saginaw Nouvel Catholic Central,,
2026-09-11,Jackson,Pinckney,,
2026-09-11,Jackson Lumen Christi,Traverse City St Francis,,
2026-09-11,Johannesburg-Lewiston,Oscoda,,
2026-09-11,Jonesville,Napoleon,,
2026-09-11,Kalamazoo Loy Norrix,Detroit Loyola,,
2026-09-11,Kalkaska,Grayling,,
2026-09-11,Kingsley,Charlevoix,,
2026-09-11,Lake City,Evart,,
2026-09-11,Lake Fenton,Owosso,,
2026-09-11,Lansing Eastern,St Johns,,
2026-09-11,Lansing Sexton,Lansing Catholic,,
2026-09-11,Lapeer,Saginaw United,,
2026-09-11,Lawton,Kalamazoo Hackett Catholic Prep,,
2026-09-11,Leslie,Vandercook Lake,,
2026-09-11,Linden,Flint Kearsley,,
2026-09-11,Livonia Churchill,White Lake Lakeland,,
2026-09-11,Ludington,Mason County Central,,
2026-09-11,Lutheran Westland,Sterling Heights Parkway Christian,,
2026-09-11,Macomb L'Anse Creuse North,Utica Ford,,
2026-09-11,Madison Heights Lamphere,Grosse Pointe North,,
2026-09-11,Mancelona,Elk Rapids,,
2026-09-11,Manchester,Michigan Center,,
2026-09-11,Marinette (WI),Bonduel (WI),,
2026-09-11,Marshall,Hastings,,
2026-09-11,Mattawan,Battle Creek Central,,
2026-09-11,McBain,Manton,,
2026-09-11,Melvindale,Livonia Clarenceville,,
2026-09-11,Michigan City (IN),Valparaiso (IN),,
2026-09-11,Middleville Thornapple Kellogg,Wayland,,
2026-09-11,Midland Bullock Creek,Shepherd,,
2026-09-11,Midland Dow,Mount Pleasant,,
2026-09-11,Millington,Elkton-Pigeon-Bay Port Laker,,
2026-09-11,Monroe Jefferson,Milan,,
2026-09-11,Monroe St Mary Catholic Central,New Boston Huron,,
2026-09-11,Montague,Muskegon Oakridge,,
2026-09-11,Montpelier (OH),Erie Mason,,
2026-09-11,Montrose,New Lothrop,,
2026-09-11,Morley Stanwood,Kent City,,
2026-09-11,Mount Clemens,Carson City-Crystal,,
2026-09-11,Muskegon,River Rouge,,
2026-09-11,Muskegon Catholic Central,Buchanan,,
2026-09-11,Muskegon Mona Shores,Aurora St Andrews (CN),,
2026-09-11,Muskegon Orchard View,Whitehall,,
2026-09-11,New Baltimore Anchor Bay,Utica,,
2026-09-11,New Haven,Clawson,,
2026-09-11,Newaygo,Remus Chippewa Hills,,
2026-09-11,Niles,Paw Paw,,
2026-09-11,Northville,Brighton,,
2026-09-11,Novi,Canton,,
2026-09-11,Okemos,Grand Ledge,,
2026-09-11,Orchard Lake St Mary's,Toledo St John's Jesuit (OH),,
2026-09-11,Ortonville Brandon,Goodrich,,
2026-09-11,Otisville LakeVille Memorial,Ovid-Elsie,,
2026-09-11,Oxford,Lake Orion,,
2026-09-11,Parma Western,Battle Creek Harper Creek,,
2026-09-11,Petersburg Summerfield,Edon (OH),,
2026-09-11,Petoskey,Coopersville,,
2026-09-11,Pewamo-Westphalia,Perry,,
2026-09-11,Pioneer North Central (OH),Sand Creek,,
2026-09-11,Pontiac,Auburn Hills Avondale,,
2026-09-11,Port Huron Northern,Warren Mott,,
2026-09-11,Portage Northern,Portage Central,,
2026-09-11,Portland,Olivet,,
2026-09-11,Quincy,Stockbridge,,
2026-09-11,Ravenna,Manistee,,
2026-09-11,Redford Thurston,Romulus,,
2026-09-11,Redford Westfield Prep,Ypsilanti Community,,
2026-09-11,Reed City,Grant,,
2026-09-11,Reese,Vassar,,
2026-09-11,Riverview,Carleton Airport,,
2026-09-11,Rochester Adams,West Bloomfield,,
2026-09-11,Romulus Summit Academy North,Detroit Edison,,
2026-09-11,Roseville,St Clair Shores Lakeview,,
2026-09-11,Rossford (OH),Pemberville Eastwood (OH),,
2026-09-11,Saginaw Heritage,Grand Blanc,,
2026-09-11,Saginaw Swan Valley,Bay City John Glenn,,
2026-09-11,Saginaw Valley Lutheran,Carrollton,,
2026-09-11,Salem,Plymouth,,
2026-09-11,Sandusky,Caro,,
2026-09-11,Sanford Meridian,Farwell,,
2026-09-11,Saugatuck,Decatur,,
2026-09-11,Sault Ste Marie,Marquette,,
2026-09-11,Schoolcraft,South Haven,,
2026-09-11,Shelby,North Muskegon,,
2026-09-11,Sparta,Lowell,,
2026-09-11,Spring Lake,Freeland,,
2026-09-11,Springport,Beal City,,
2026-09-11,St Clair,St Clair Shores South Lake,,
2026-09-11,Standish-Sterling,Gladwin,,
2026-09-11,Sterling Heights,St Clair Shores Lake Shore,,
2026-09-11,Sterling Heights Stevenson,Macomb Dakota,,
2026-09-11,Stevensville Lakeshore,St Joseph,,
2026-09-11,Tawas,Benzie Central,,
2026-09-11,Taylor,Wyandotte Roosevelt,,
2026-09-11,Tecumseh,Ypsilanti Lincoln,,
2026-09-11,Three Rivers,Otsego,,
2026-09-11,Toledo Central Catholic (OH),Toledo St Francis De Sales (OH),,
2026-09-11,Toledo Whitmer (OH),Fremont Ross (OH),,
2026-09-11,Traverse City West,Bay City Central,,
2026-09-11,Troy,Rochester Hills Stoney Creek,,
2026-09-11,Union City,Bronson,,
2026-09-11,Utica Eisenhower,Romeo,,
2026-09-11,Vermontville Maple Valley,East Jackson,,
2026-09-11,Vicksburg,Plainwell,,
2026-09-11,Walkterton John Glenn (IN),Elkhart Jimtown (IN),,
2026-09-11,Warren De La Salle Collegiate,Bloomfield Hills Brother Rice,,
2026-09-11,Warren Fitzgerald,Marysville,,
2026-09-11,Warren Lincoln,Eastpointe,,
2026-09-11,Waterford Kettering,Royal Oak,,
2026-09-11,Wayne Memorial,Hartland,,
2026-09-11,West Unity Hilltop (OH),Ottawa Lake Whiteford,,
2026-09-11,Westland John Glenn,Dearborn Heights Crestwood,,
2026-09-11,White Cloud,Hesperia,,
2026-09-11,White Pigeon,Gobles,,
2026-09-11,Whitmore Lake,Auburn Hills Oakland Christian,,
2026-09-11,Wyoming Godwin Heights,Comstock Park,,
2026-09-11,Yale,Macomb Lutheran North,,
2026-09-11,Zeeland East,Hudsonville Unity Christian,,
2026-09-11,Zeeland West,New Market Huron Heights (CN),,
2026-09-12,Detroit Voyageur College Prep,Ecorse,,
2026-09-12,Eureka St. Bernard (CA),Brentwood Heritage (CA),,
2026-09-12,Grosse Pointe Woods University Liggett,Royal Oak Shrine Catholic,,
2026-09-12,Livonia Franklin,Farmington,,
2026-09-12,Niles Brandywine,Vestaburg,,
2026-09-12,Warren Michigan Collegiate,Hamtramck,,
2026-09-15,New Market Huron Heights (CN),Barrie Maple Ridge (CN),,
2026-09-17,Detroit Cass Tech,Detroit Mumford,,
2026-09-17,Detroit Communication Media Arts,Detroit Osborn,,
2026-09-17,Detroit Martin Luther King,Detroit Henry Ford,,
2026-09-17,Detroit Northwestern,Detroit Douglass,,
2026-09-17,Mount Pleasant Sacred Heart,Eureka St. Bernard (CA),,
2026-09-17,Windsor Holy Names (CN),La Salle St Thomas Of Villanova (CN),,
2026-09-18,Ada Forest Hills Eastern,Grand Rapids West Catholic,,
2026-09-18,Addison,Vandercook Lake,,
2026-09-18,Allen Park Cabrini,Marine City Cardinal Mooney,,
2026-09-18,Allendale,Fruitport,,
2026-09-18,Almont,Yale,,
2026-09-18,Alpena,Gaylord,,
2026-09-18,Ann Arbor Pioneer,Ypsilanti Lincoln,,
2026-09-18,Ann Arbor Skyline,Ann Arbor Huron,,
2026-09-18,Appleton North (WI),Kaukauna (WI),,
2026-09-18,Auburn Hills Avondale,Royal Oak,,
2026-09-18,Auburn Hills Oakland Christian,Lutheran Westland,,
2026-09-18,Aurora Central Catholic (IL),Melrose Park Walther Christian (IL),,
2026-09-18,Bark River-Harris,Gladstone,,
2026-09-18,Bay City John Glenn,Freeland,,
2026-09-18,Bay City Western,Midland Dow,,
2026-09-18,Beal City,McBain,,
2026-09-18,Beaverton,Harrison,,
2026-09-18,Birmingham Groves,Birmingham Seaholm,,
2026-09-18,Blissfield,Ida,,
2026-09-18,Bloomfield Hills Cranbrook Kingswood,Grosse Pointe Woods University Liggett,,
2026-09-18,Boyne City,Kalkaska,,
2026-09-18,Bronson,Homer,,
2026-09-18,Brooklyn Columbia Central,Jonesville,,
2026-09-18,Brownstown Woodhaven,Allen Park,,
2026-09-18,Buchanan,Berrien Springs,,
2026-09-18,Burton Atherton,Flint New Standard Academy,,
2026-09-18,Carleton Airport,Flat Rock,,
2026-09-18,Carrollton,Hemlock,,
2026-09-18,Carson City-Crystal,Reading,,
2026-09-18,Cass City,Sandusky,,
2026-09-18,Central Montcalm,White Cloud,,
2026-09-18,Centreville,White Pigeon,,
2026-09-18,Charlevoix,Sault Ste Marie,,
2026-09-18,Chelsea,Tecumseh,,
2026-09-18,Chesaning,Montrose,,
2026-09-18,Chicago Whitney Young (IL),Chicago Kenwood Academy (IL),,
2026-09-18,Cincinnati St Xavier (OH),Cincinnati Moeller (OH),,
2026-09-18,Clarkston Everest Collegiate,Detroit Loyola,,
2026-09-18,Clawson,Algonac,,
2026-09-18,Clinton,Onsted,,
2026-09-18,Clinton Township Chippewa Valley,Utica Eisenhower,,
2026-09-18,Clinton Township Clintondale,St Clair,,
2026-09-18,Clyde (OH),Port Clinton (OH),,
2026-09-18,Columbus Harvest Prep (OH),Columbus Bishop Watterson (OH),,
2026-09-18,Columbus St Francis de Sales (OH),River Rouge,,
2026-09-18,Comstock Park,Belding,,
2026-09-18,Coopersville,Cedar Springs,,
2026-09-18,Corunna,Ortonville Brandon,,
2026-09-18,Davison,Saginaw Heritage,,
2026-09-18,Dearborn Edsel Ford,Taylor,,
2026-09-18,Dearborn Heights Annapolis,Melvindale,,
2026-09-18,Dearborn Heights Crestwood,Wayne Memorial,,
2026-09-18,Dearborn Heights Robichaud,Detroit University Prep Science & Math,,
2026-09-18,Decatur,Gobles,,
2026-09-18,Delton Kellogg,Kalamazoo Hackett Catholic Prep,,
2026-09-18,Detroit Catholic Central,Warren De La Salle Collegiate,,
2026-09-18,Detroit Central,Detroit Pershing,,
2026-09-18,Detroit Cody,Detroit Denby,,
2026-09-18,Detroit East English,Detroit Southeastern,,
2026-09-18,Detroit U of D Jesuit,Bloomfield Hills Brother Rice,,
2026-09-18,Detroit University Prep,Detroit Lincoln-King,,
2026-09-18,Detroit Voyageur College Prep,Harper Woods Chandler Park,,
2026-09-18,Detroit Western,Detroit Renaissance,,
2026-09-18,Dexter,Saline,,
2026-09-18,Dowagiac,Battle Creek Pennfield,,
2026-09-18,Durand,Otisville LakeVille Memorial,,
2026-09-18,East Jordan,Mancelona,,
2026-09-18,East Lansing,Grand Ledge,,
2026-09-18,Eastpointe,New Haven,,
2026-09-18,Ecorse,Warren Michigan Collegiate,,
2026-09-18,Edon (OH),Erie Mason,,
2026-09-18,Elkhart Jimtown (IN),Bremen (IN),,
2026-09-18,Elkton-Pigeon-Bay Port Laker,Vassar,,
2026-09-18,Escanaba,Petoskey,,
2026-09-18,Essexville Garber,Alma,,
2026-09-18,Farmington,Walled Lake Western,,
2026-09-18,Flint Beecher,Mount Clemens,,
2026-09-18,Flint Hamady,Flint Southwestern,,
2026-09-18,Flint Kearsley,Flushing,,
2026-09-18,Flint Powers Catholic,Saginaw United,,
2026-09-18,Fowler,Perry,,
2026-09-18,Frankenmuth,Bridgeport,,
2026-09-18,Frankfort,Johannesburg-Lewiston,,
2026-09-18,Fremont,Ludington,,
2026-09-18,Galesburg-Augusta,Comstock,,
2026-09-18,Garrett (IN),LaGrange Prairie Heights (IN),,
2026-09-18,Gibraltar Carlson,Trenton,,
2026-09-18,Gladwin,Shepherd,,
2026-09-18,Goodrich,Lake Fenton,,
2026-09-18,Grand Haven,East Kentwood,,
2026-09-18,Grand Rapids Catholic Central,Grand Rapids Northview,,
2026-09-18,Grand Rapids Christian,Wayland,,
2026-09-18,Grand Rapids Forest Hills Central,Zeeland East,,
2026-09-18,Grand Rapids Forest Hills Northern,Byron Center,,
2026-09-18,Grand Rapids Kenowa Hills,Sparta,,
2026-09-18,Grand Rapids Ottawa Hills,East Grand Rapids,,
2026-09-18,Grandville Calvin Christian,Hopkins,,
2026-09-18,Grant,Remus Chippewa Hills,,
2026-09-18,Grass Lake,Manchester,,
2026-09-18,Grayling,Kingsley,,
2026-09-18,Grosse Ile,Monroe St Mary Catholic Central,,
2026-09-18,Grosse Pointe North,Warren Fitzgerald,,
2026-09-18,Grosse Pointe South,Sterling Heights Stevenson,,
2026-09-18,Gwinn,Hancock,,
2026-09-18,Hamilton,Spring Lake,,
2026-09-18,Hamilton St Thomas More (CN),Hamilton St Jean de Brebeuf (CN),,
2026-09-18,Hamtramck,Romulus Summit Academy North,,
2026-09-18,Harbor Springs,Tawas,,
2026-09-18,Harper Woods,Southfield Arts & Technology,,
2026-09-18,Hart,Muskegon Oakridge,,
2026-09-18,Hartford,Saugatuck,,
2026-09-18,Hartland,Brighton,,
2026-09-18,Haslett,Fowlerville,,
2026-09-18,Hastings,Coldwater,,
2026-09-18,Hazel Park,St Clair Shores South Lake,,
2026-09-18,Hesperia,Muskegon Catholic Central,,
2026-09-18,Hillsdale,Dundee,,
2026-09-18,Holland,Wyoming Kelloggsville,,
2026-09-18,Holland Christian,Middleville Thornapple Kellogg,,
2026-09-18,Holland West Ottawa,Rockford,,
2026-09-18,Holly,Linden,,
2026-09-18,Holt,Detroit Country Day,,
2026-09-18,Houghton,Ishpeming Westwood,,
2026-09-18,Howard City Tri County,Newaygo,,
2026-09-18,Hudson,Adrian Madison,,
2026-09-18,Hudsonville,Grandville,,
2026-09-18,Hudsonville Unity Christian,Grand Rapids South Christian,,
2026-09-18,Imlay City,North Branch,,
2026-09-18,International Academy of Flint,Genesee,,
2026-09-18,Ionia,Portland,,
2026-09-18,Ithaca,Saginaw Michigan Lutheran Seminary,,
2026-09-18,Jackson Lumen Christi,Ann Arbor Father Gabriel Richard,,
2026-09-18,Jackson Northwest,Parma Western,,
2026-09-18,Jenison,Caledonia,,
2026-09-18,Kalamazoo Loy Norrix,Battle Creek Lakeview,,
2026-09-18,Kent City,Ravenna,,
2026-09-18,Kingsford,Negaunee,,
2026-09-18,L'Anse,Iron Mountain,,
2026-09-18,Lake Odessa Lakewood,Eaton Rapids,,
2026-09-18,Lakeview,Morley Stanwood,,
2026-09-18,Lansing Catholic,Charlotte,,
2026-09-18,Lansing Everett,Okemos,,
2026-09-18,Lansing Waverly,DeWitt,,
2026-09-18,Lapeer,Flint Carman-Ainsworth,,
2026-09-18,Lawton,Allegan,,
2026-09-18,LeRoy Pine River,Lake City,,
2026-09-18,Lincoln Park,Dearborn Divine Child,,
2026-09-18,Livonia Franklin,Livonia Stevenson,,
2026-09-18,Lowell,Greenville,,
2026-09-18,Macomb Dakota,Romeo,,
2026-09-18,Macomb L'Anse Creuse North,Harrison Township L'Anse Creuse,,
2026-09-18,Macomb Lutheran North,Armada,,
2026-09-18,Madison Heights Lamphere,St Clair Shores Lake Shore,,
2026-09-18,Madison Heights Madison,Warren Lincoln,,
2026-09-18,Manistee,Shelby,,
2026-09-18,Manton,Houghton Lake,,
2026-09-18,Maple City Glen Lake,Traverse City St Francis,,
2026-09-18,Marine City,Center Line,,
2026-09-18,Marshall,Battle Creek Harper Creek,,
2026-09-18,Marysville,Sterling Heights,,
2026-09-18,Mason,Lansing Eastern,,
2026-09-18,Melvindale Academy for Business & Tech,Detroit Leadership Academy,,
2026-09-18,Menominee,Calumet,,
2026-09-18,Merrillville (IN),Michigan City (IN),,
2026-09-18,Michigan Center,Leslie,,
2026-09-18,Midland,Bay City Central,,
2026-09-18,Milford,South Lyon,,
2026-09-18,Millington,Caro,,
2026-09-18,Montague,Muskegon Orchard View,,
2026-09-18,Montpelier (OH),Petersburg Summerfield,,
2026-09-18,Mount Pleasant,Traverse City Central,,
2026-09-18,Muskegon,Muskegon Reeths-Puffer,,
2026-09-18,Muskegon Mona Shores,Grand Rapids Union,,
2026-09-18,Napoleon,Hanover-Horton,,
2026-09-18,Neillsville (WI),Fall Creek (WI),,
2026-09-18,New Boston Huron,Milan,,
2026-09-18,New Lothrop,Birch Run,,
2026-09-18,Niles Brandywine,Cassopolis,,
2026-09-18,North Muskegon,Mason County Central,,
2026-09-18,Northville,Novi,,
2026-09-18,Ogemaw Heights,Midland Bullock Creek,,
2026-09-18,Olivet,Lansing Sexton,,
2026-09-18,Orchard Lake St Mary's,Toledo St Francis De Sales (OH),,
2026-09-18,Oscoda,Benzie Central,,
2026-09-18,Otsego,Niles,,
2026-09-18,Ottawa Lake Whiteford,Pioneer North Central (OH),,
2026-09-18,Ovid-Elsie,Mt Morris,,
2026-09-18,Owosso,Clio,,
2026-09-18,Oxford,Rochester,,
2026-09-18,Parchment,Watervliet,,
2026-09-18,Paw Paw,Edwardsburg,,
2026-09-18,Peshtigo (WI),Marinette (WI),,
2026-09-18,Pewamo-Westphalia,Bath,,
2026-09-18,Pinckney,Adrian,,
2026-09-18,Pinconning,Farwell,,
2026-09-18,Plainwell,Three Rivers,,
2026-09-18,Plymouth,Canton,,
2026-09-18,Pontiac,Berkley,,
2026-09-18,Pontiac Notre Dame Prep,Benton Harbor,,
2026-09-18,Port Huron Northern,New Baltimore Anchor Bay,,
2026-09-18,Portage Central,Kalamazoo Central,,
2026-09-18,Redford Westfield Prep,Detroit Community,,
2026-09-18,Reed City,Big Rapids,,
2026-09-18,Richmond,Croswell-Lexington,,
2026-09-18,Riverview,Monroe Jefferson,,
2026-09-18,Rochester Adams,Clarkston,,
2026-09-18,Rochester Hills Stoney Creek,Bloomfield Hills,,
2026-09-18,Romulus,Garden City,,
2026-09-18,Royal Oak Shrine Catholic,Madison Heights Bishop Foley,,
2026-09-18,Saginaw Nouvel Catholic Central,Saginaw Valley Lutheran,,
2026-09-18,Salem,Belleville,,
2026-09-18,Saranac,Laingsburg,,
2026-09-18,Schoolcraft,Constantine,,
2026-09-18,South Haven,Coloma,,
2026-09-18,South Lyon East,Livonia Churchill,,
2026-09-18,Southfield Bradford Academy,Arts & Technology Academy of Pontiac,,
2026-09-18,St Clair Shores Lakeview,Warren Mott,,
2026-09-18,St Joseph,Mattawan,,
2026-09-18,St Louis,Sanford Meridian,,
2026-09-18,Standish-Sterling,Clare,,
2026-09-18,Sterling Heights Parkway Christian,Waterford Our Lady of the Lakes,,
2026-09-18,Stevensville Lakeshore,Battle Creek Central,,
2026-09-18,Stockbridge,East Jackson,,
2026-09-18,Sturgis,Vicksburg,,
2026-09-18,Swartz Creek,Fenton,,
2026-09-18,Temperance Bedford,Monroe,,
2026-09-18,Toledo Central Catholic (OH),Toledo St John's Jesuit (OH),,
2026-09-18,Toledo Whitmer (OH),Holland Springfield (OH),,
2026-09-18,Traverse City West,Grand Blanc,,
2026-09-18,Troy,Troy Athens,,
2026-09-18,Ubly,Reese,,
2026-09-18,Union City,Quincy,,
2026-09-18,Unionville-Sebewaing,Harbor Beach,,
2026-09-18,Utica,Roseville,,
2026-09-18,Utica Ford,Port Huron,,
2026-09-18,Vermontville Maple Valley,Springport,,
2026-09-18,Vestaburg,Burton Bendle,,
2026-09-18,Walled Lake Central,North Farmington,,
2026-09-18,Warren Cousino,Fraser,,
2026-09-18,Waterford Kettering,Ferndale,,
2026-09-18,Waterford Mott,Oak Park,,
2026-09-18,West Bloomfield,Lake Orion,,
2026-09-18,West Iron County,Manistique,,
2026-09-18,West Unity Hilltop (OH),Sand Creek,,
2026-09-18,Westland John Glenn,Howell,,
2026-09-18,White Lake Lakeland,Walled Lake Northern,,
2026-09-18,Whitehall,Saginaw Swan Valley,,
2026-09-18,Whitmore Lake,Rochester Hills Lutheran Northwest,,
2026-09-18,Williamston,St Johns,,
2026-09-18,Wyandotte Roosevelt,Southgate Anderson,,
2026-09-18,Wyoming Godwin Heights,Grand Rapids NorthPointe Christian,,
2026-09-18,Ypsilanti Community,Jackson,,
2026-09-18,Zeeland West,Wyoming,,
2026-09-19,Aurora St Andrews (CN),Buffalo St Joseph's Collegiate (NY),,
2026-09-19,Dearborn Fordson,Dearborn,,
2026-09-19,Marquette,Cadillac,,
2026-09-19,New Market Huron Heights (CN),Toronto Michael Powers St Joseph (CN),,
2026-09-19,Phalen Leadership Academy (IN),Hammond Morton (IN),,
2026-09-19,Redford Union,Redford Thurston,,
2026-09-19,Warren Woods Tower,Livonia Clarenceville,,
2026-09-22,New Market Huron Heights (CN),Toronto Chaminade (CN),,
2026-09-24,Carson City-Crystal,Vestaburg,,
2026-09-24,Detroit Central,Detroit Osborn,,
2026-09-24,Detroit Communication Media Arts,Detroit Cody,,
2026-09-24,Detroit Denby,Detroit Northwestern,,
2026-09-24,Detroit Pershing,Detroit Douglass,,
2026-09-24,Hoopa Valley (CA),Eureka St. Bernard (CA),,
2026-09-24,Southfield Bradford Academy,Redford Westfield Prep,,
2026-09-24,Windsor Holy Names (CN),Windsor Sandwich (CN),,
2026-09-25,Addison,Napoleon,,
2026-09-25,Adrian,Ypsilanti Lincoln,,
2026-09-25,Adrian Madison,Ida,,
2026-09-25,Allen Park,Lincoln Park,,
2026-09-25,Alma,Saginaw Swan Valley,,
2026-09-25,Alpena,Flint Powers Catholic,,
2026-09-25,Ann Arbor Father Gabriel Richard,Dearborn Divine Child,,
2026-09-25,Ann Arbor Huron,Ann Arbor Pioneer,,
2026-09-25,Battle Creek Central,St Joseph,,
2026-09-25,Battle Creek Harper Creek,Battle Creek Pennfield,,
2026-09-25,Battle Creek Lakeview,Portage Northern,,
2026-09-25,Bay City Central,Mount Pleasant,,
2026-09-25,Beal City,Houghton Lake,,
2026-09-25,Benton Harbor,Auburn Hills Oakland Christian,,
2026-09-25,Benzie Central,Harbor Springs,,
2026-09-25,Berkley,Waterford Kettering,,
2026-09-25,Big Rapids,Remus Chippewa Hills,,
2026-09-25,Birmingham Groves,Harper Woods,,
2026-09-25,Bloomfield Hills,West Bloomfield,,
2026-09-25,Bloomfield Hills Brother Rice,Orchard Lake St Mary's,,
2026-09-25,Bridgeport,Essexville Garber,,
2026-09-25,Brighton,Dearborn Heights Crestwood,,
2026-09-25,Bronson,Buchanan,,
2026-09-25,Brownstown Woodhaven,Wyandotte Roosevelt,,
2026-09-25,Byron Center,Muskegon,,
2026-09-25,Cadillac,Petoskey,,
2026-09-25,Caledonia,Hudsonville,,
2026-09-25,Calumet,Kingsford,,
2026-09-25,Canton,Belleville,,
2026-09-25,Carleton Airport,Monroe St Mary Catholic Central,,
2026-09-25,Carrollton,Ithaca,,
2026-09-25,Cass City,Millington,,
2026-09-25,Cassopolis,Hartford,,
2026-09-25,Center Line,Hazel Park,,
2026-09-25,Central Montcalm,Mason County Central,,
2026-09-25,Centreville,Galesburg-Augusta,,
2026-09-25,Charlevoix,McBain,,
2026-09-25,Charlotte,Lansing Sexton,,
2026-09-25,Chelsea,Dexter,,
2026-09-25,Chesaning,Birch Run,,
2026-09-25,Cincinnati La Salle (OH),Cincinnati Moeller (OH),,
2026-09-25,Clarkston,Oxford,,
2026-09-25,Clawson,Eastpointe,,
2026-09-25,Clio,Goodrich,,
2026-09-25,Clyde (OH),Sandusky Perkins (OH),,
2026-09-25,Coldwater,Jackson Northwest,,
2026-09-25,Coloma,Schoolcraft,,
2026-09-25,Columbus Harvest Prep (OH),St. Bernard Roger Bacon (OH),,
2026-09-25,Columbus St Francis de Sales (OH),Columbus Bishop Watterson (OH),,
2026-09-25,Comstock Park,Berrien Springs,,
2026-09-25,Corunna,Owosso,,
2026-09-25,Croswell-Lexington,Armada,,
2026-09-25,Dearborn,Westland John Glenn,,
2026-09-25,Dearborn Fordson,Salem,,
2026-09-25,Decatur,Comstock,,
2026-09-25,Delton Kellogg,Allegan,,
2026-09-25,Detroit Cass Tech,Detroit Martin Luther King,,
2026-09-25,Detroit Community,Melvindale Academy for Business & Tech,,
2026-09-25,Detroit Edison,Detroit Voyageur College Prep,,
2026-09-25,Detroit Henry Ford,Detroit East English,,
2026-09-25,Detroit Leadership Academy,Arts & Technology Academy of Pontiac,,
2026-09-25,Detroit Lincoln-King,Pontiac Notre Dame Prep,,
2026-09-25,Detroit Loyola,Grosse Pointe Woods University Liggett,,
2026-09-25,Detroit Mumford,Detroit Western,,
2026-09-25,Detroit Renaissance,Detroit Southeastern,,
2026-09-25,Detroit U of D Jesuit,Detroit Country Day,,
2026-09-25,Dowagiac,Niles Brandywine,,
2026-09-25,Dundee,Hudson,,
2026-09-25,East Grand Rapids,Grand Rapids Catholic Central,,
2026-09-25,East Kentwood,Jenison,,
2026-09-25,Eaton Rapids,Lansing Catholic,,
2026-09-25,Elk Rapids,Kingsley,,
2026-09-25,Elkhart Jimtown (IN),Akron Tippecanoe Valley (IN),,
2026-09-25,Elkton-Pigeon-Bay Port Laker,Caro,,
2026-09-25,Erie Mason,West Unity Hilltop (OH),,
2026-09-25,Evart,LeRoy Pine River,,
2026-09-25,Farmington,Livonia Stevenson,,
2026-09-25,Farwell,Beaverton,,
2026-09-25,Fenton,Holly,,
2026-09-25,Ferndale,Auburn Hills Avondale,,
2026-09-25,Flint Beecher,Flint Southwestern,,
2026-09-25,Flint Carman-Ainsworth,Bay City Western,,
2026-09-25,Flint Hamady,Burton Bendle,,
2026-09-25,Flint Kearsley,Swartz Creek,,
2026-09-25,Flushing,Linden,,
2026-09-25,Fowlerville,Lansing Eastern,,
2026-09-25,Fraser,Utica Ford,,
2026-09-25,Freeland,Frankenmuth,,
2026-09-25,Fruitport,Wyoming Kelloggsville,,
2026-09-25,Garden City,Zeeland East,,
2026-09-25,Gaylord,Sault Ste Marie,,
2026-09-25,Genesee,Burton Atherton,,
2026-09-25,Gladstone,Ishpeming Westwood,,
2026-09-25,Gladwin,Clare,,
2026-09-25,Grand Blanc,River Rouge,,
2026-09-25,Grand Ledge,Holt,,
2026-09-25,Grand Rapids Kenowa Hills,Allendale,,
2026-09-25,Grand Rapids NorthPointe Christian,Belding,,
2026-09-25,Grand Rapids Northview,Holland Christian,,
2026-09-25,Grand Rapids South Christian,Zeeland West,,
2026-09-25,Grand Rapids Union,Grand Rapids Forest Hills Northern,,
2026-09-25,Grand Rapids West Catholic,Hamilton,,
2026-09-25,Grandville,Holland West Ottawa,,
2026-09-25,Grayling,Boyne City,,
2026-09-25,Greenville,Cedar Springs,,
2026-09-25,Hamilton St Thomas More (CN),Hamilton St. John Henry Newman (CN),,
2026-09-25,Hanover-Horton,Brooklyn Columbia Central,,
2026-09-25,Harbor Beach,Sandusky,,
2026-09-25,Harper Woods Chandler Park,Hamtramck,,
2026-09-25,Harrison,St Louis,,
2026-09-25,Hart,Muskegon Orchard View,,
2026-09-25,Hastings,Parma Western,,
2026-09-25,Hesperia,North Muskegon,,
2026-09-25,Hillsdale,Clinton,,
2026-09-25,Holland,Grandville Calvin Christian,,
2026-09-25,Homer,Quincy,,
2026-09-25,Hopkins,Wyoming Godwin Heights,,
2026-09-25,Howard City Tri County,Reed City,,
2026-09-25,Hudsonville Unity Christian,Detroit University Prep Science & Math,,
2026-09-25,Imlay City,Almont,,
2026-09-25,Jackson Lumen Christi,Toledo Central Catholic (OH),,
2026-09-25,Jonesville,Manchester,,
2026-09-25,Kalamazoo Hackett Catholic Prep,Parchment,,
2026-09-25,Kalamazoo Loy Norrix,Portage Central,,
2026-09-25,Kalkaska,Oscoda,,
2026-09-25,L'Anse,Gwinn,,
2026-09-25,LaGrange Prairie Heights (IN),Fremont (IN),,
2026-09-25,Lake City,Manton,,
2026-09-25,Lake Odessa Lakewood,Portland,,
2026-09-25,Lake Orion,Rochester Adams,,
2026-09-25,Lakeview,Kent City,,
2026-09-25,Lansing Waverly,Lansing Everett,,
2026-09-25,Leslie,Grass Lake,,
2026-09-25,Livonia Churchill,Milford,,
2026-09-25,Livonia Clarenceville,Detroit University Prep,,
2026-09-25,Lowell,Coopersville,,
2026-09-25,Lutheran Westland,Whitmore Lake,,
2026-09-25,Madison Heights Bishop Foley,Allen Park Cabrini,,
2026-09-25,Mancelona,Frankfort,,
2026-09-25,Manistee,Fremont,,
2026-09-25,Manistique,Iron Mountain,,
2026-09-25,Maple City Glen Lake,Johannesburg-Lewiston,,
2026-09-25,Marinette (WI),Oconto (WI),,
2026-09-25,Marquette,Escanaba,,
2026-09-25,Marysville,Madison Heights Lamphere,,
2026-09-25,Mattawan,Stevensville Lakeshore,,
2026-09-25,Melvindale,Romulus,,
2026-09-25,Menominee,Houghton,,
2026-09-25,Michigan City (IN),St John Lake Central (IN),,
2026-09-25,Middleville Thornapple Kellogg,Grand Rapids Ottawa Hills,,
2026-09-25,Midland,Traverse City West,,
2026-09-25,Midland Bullock Creek,Standish-Sterling,,
2026-09-25,Milan,Grosse Ile,,
2026-09-25,Mondovi (WI),Neillsville (WI),,
2026-09-25,Monroe Jefferson,Flat Rock,,
2026-09-25,Montrose,Otisville LakeVille Memorial,,
2026-09-25,Mount Pleasant Sacred Heart,Traverse City St Francis,,
2026-09-25,Muskegon Catholic Central,Clarkston Everest Collegiate,,
2026-09-25,Muskegon Oakridge,Ludington,,
2026-09-25,Muskegon Reeths-Puffer,Muskegon Mona Shores,,
2026-09-25,Negaunee,Hancock,,
2026-09-25,New Haven,Madison Heights Madison,,
2026-09-25,New Lothrop,Mt Morris,,
2026-09-25,Newaygo,Grant,,
2026-09-25,Niles,Sturgis,,
2026-09-25,North Branch,Macomb Lutheran North,,
2026-09-25,North Farmington,South Lyon,,
2026-09-25,Novi,Hartland,,
2026-09-25,Oak Park,Birmingham Seaholm,,
2026-09-25,Okemos,East Lansing,,
2026-09-25,Olivet,Ionia,,
2026-09-25,Onsted,Blissfield,,
2026-09-25,Ortonville Brandon,Lake Fenton,,
2026-09-25,Otsego,Edwardsburg,,
2026-09-25,Ottawa Lake Whiteford,Montpelier (OH),,
2026-09-25,Ovid-Elsie,Durand,,
2026-09-25,Paw Paw,Plainwell,,
2026-09-25,Perry,Bath,,
2026-09-25,Petersburg Summerfield,Pioneer North Central (OH),,
2026-09-25,Pewamo-Westphalia,Laingsburg,,
2026-09-25,Pinconning,Sanford Meridian,,
2026-09-25,Plymouth,Northville,,
2026-09-25,Port Huron,Harrison Township L'Anse Creuse,,
2026-09-25,Ravenna,Shelby,,
2026-09-25,Reading,Vermontville Maple Valley,,
2026-09-25,Redford Thurston,Dearborn Heights Robichaud,,
2026-09-25,Redford Union,Dearborn Heights Annapolis,,
2026-09-25,Reese,Unionville-Sebewaing,,
2026-09-25,Riverview,New Boston Huron,,
2026-09-25,Rochester,Troy,,
2026-09-25,Rockford,Grand Haven,,
2026-09-25,Romeo,Grosse Pointe South,,
2026-09-25,Roseville,Port Huron Northern,,
2026-09-25,Royal Oak,Pontiac,,
2026-09-25,Royal Oak Shrine Catholic,Mount Clemens,,
2026-09-25,Saginaw Heritage,Lapeer,,
2026-09-25,Saginaw Michigan Lutheran Seminary,Saginaw Nouvel Catholic Central,,
2026-09-25,Saginaw United,Davison,,
2026-09-25,Saginaw Valley Lutheran,Hemlock,,
2026-09-25,Saline,Monroe,,
2026-09-25,Sand Creek,Edon (OH),,
2026-09-25,Saranac,Fowler,,
2026-09-25,Saugatuck,Gobles,,
2026-09-25,Shepherd,Ogemaw Heights,,
2026-09-25,South Haven,Constantine,,
2026-09-25,South Lyon East,Livonia Franklin,,
2026-09-25,Southfield Arts & Technology,Waterford Mott,,
2026-09-25,Southgate Anderson,Dearborn Edsel Ford,,
2026-09-25,Sparta,Marshall,,
2026-09-25,Spring Lake,Grand Rapids Christian,,
2026-09-25,Springport,East Jackson,,
2026-09-25,St Clair,Marine City,,
2026-09-25,St Clair Shores Lake Shore,Grosse Pointe North,,
2026-09-25,St Clair Shores Lakeview,Utica,,
2026-09-25,St Clair Shores South Lake,Bay City John Glenn,,
2026-09-25,St Johns,Mason,,
2026-09-25,Sterling (IL),Hammond Morton (IN),,
2026-09-25,Sterling Heights,Warren Fitzgerald,,
2026-09-25,Sterling Heights Parkway Christian,Rochester Hills Lutheran Northwest,,
2026-09-25,Sterling Heights Stevenson,Clinton Township Chippewa Valley,,
2026-09-25,Tawas,East Jordan,,
2026-09-25,Taylor,Gibraltar Carlson,,
2026-09-25,Tecumseh,Jackson,,
2026-09-25,Temperance Bedford,Ann Arbor Skyline,,
2026-09-25,Toledo St Francis De Sales (OH),Warren De La Salle Collegiate,,
2026-09-25,Toledo St John's Jesuit (OH),Detroit Catholic Central,,
2026-09-25,Traverse City Central,Midland Dow,,
2026-09-25,Trenton,DeWitt,,
2026-09-25,Troy Athens,Rochester Hills Stoney Creek,,
2026-09-25,Union City,Stockbridge,,
2026-09-25,Utica Eisenhower,Macomb Dakota,,
2026-09-25,Vandercook Lake,Michigan Center,,
2026-09-25,Vassar,Ubly,,
2026-09-25,Vicksburg,Three Rivers,,
2026-09-25,Walkterton John Glenn (IN),Bremen (IN),,
2026-09-25,Walled Lake Northern,Walled Lake Central,,
2026-09-25,Walled Lake Western,White Lake Lakeland,,
2026-09-25,Warren Cousino,Macomb L'Anse Creuse North,,
2026-09-25,Warren Lincoln,Algonac,,
2026-09-25,Warren Mott,New Baltimore Anchor Bay,,
2026-09-25,Warren Woods Tower,Clinton Township Clintondale,,
2026-09-25,Watervliet,Lawton,,
2026-09-25,Wayland,Ada Forest Hills Eastern,,
2026-09-25,Wayne Memorial,Howell,,
2026-09-25,West Iron County,Bark River-Harris,,
2026-09-25,Westmont (IL),Melrose Park Walther Christian (IL),,
2026-09-25,White Cloud,Morley Stanwood,,
2026-09-25,Whitehall,Montague,,
2026-09-25,Whitehouse Anthony Wayne (OH),Toledo Whitmer (OH),,
2026-09-25,Williamston,Haslett,,
2026-09-25,Wyoming,Grand Rapids Forest Hills Central,,
2026-09-25,Yale,Richmond,,
2026-09-25,Ypsilanti Community,Pinckney,,
2026-09-26,Chicago Kenwood Academy (IL),Chicago Amundsen (IL),,
2026-09-26,Flint New Standard Academy,International Academy of Flint,,
2026-09-26,Marine City Cardinal Mooney,Waterford Our Lady of the Lakes,,
2026-09-26,New Market Huron Heights (CN),Woodbridge College (ON),,
2026-09-26,Romulus Summit Academy North,Ecorse,,
2026-09-26,Toronto Upper Canada College (CN),Aurora St Andrews (CN),,
2026-10-01,Columbus Harvest Prep (OH),Columbus Centennial (OH),,
2026-10-01,Detroit Central,Detroit Northwestern,,
2026-10-01,Detroit Denby,Detroit Osborn,,
2026-10-01,Detroit Douglass,Detroit Communication Media Arts,,
2026-10-01,Detroit Pershing,Detroit Cody,,
2026-10-01,Windsor Holy Names (CN),Belle River St. Anne Catholic (CN),,
2026-10-02,Ada Forest Hills Eastern,Grand Rapids Christian,,
2026-10-02,Algonac,New Haven,,
2026-10-02,Allegan,Constantine,,
2026-10-02,Allen Park,Flint Hamady,,
2026-10-02,Allen Park Cabrini,Waterford Our Lady of the Lakes,,
2026-10-02,Allendale,Greenville,,
2026-10-02,Almont,North Branch,,
2026-10-02,Alpena,Marquette,,
2026-10-02,Ann Arbor Father Gabriel Richard,Bloomfield Hills Cranbrook Kingswood,,
2026-10-02,Ann Arbor Pioneer,Ann Arbor Skyline,,
2026-10-02,Armada,Imlay City,,
2026-10-02,Arts & Technology Academy of Pontiac,Melvindale Academy for Business & Tech,,
2026-10-02,Auburn Hills Avondale,Waterford Kettering,,
2026-10-02,Auburn Hills Oakland Christian,Sterling Heights Parkway Christian,,
2026-10-02,Bark River-Harris,L'Anse,,
2026-10-02,Battle Creek Harper Creek,Coldwater,,
2026-10-02,Battle Creek Pennfield,Hastings,,
2026-10-02,Bay City Central,Saginaw United,,
2026-10-02,Beaverton,Pinconning,,
2026-10-02,Belding,Hopkins,,
2026-10-02,Belleville,Novi,,
2026-10-02,Berkley,Royal Oak,,
2026-10-02,Berrien Springs,Dowagiac,,
2026-10-02,Big Rapids,Grant,,
2026-10-02,Birmingham Seaholm,Southfield Arts & Technology,,
2026-10-02,Blissfield,Adrian Madison,,
2026-10-02,Bloomfield Hills Brother Rice,Toledo St Francis De Sales (OH),,
2026-10-02,Boyne City,Elk Rapids,,
2026-10-02,Bridgeport,Bay City John Glenn,,
2026-10-02,Bronson,Vermontville Maple Valley,,
2026-10-02,Brooklyn Columbia Central,Addison,,
2026-10-02,Buchanan,Bremen (IN),,
2026-10-02,Canton,Salem,,
2026-10-02,Caro,Cass City,,
2026-10-02,Carson City-Crystal,Muskegon Catholic Central,,
2026-10-02,Cedar Springs,Grand Rapids Kenowa Hills,,
2026-10-02,Charlevoix,Grayling,,
2026-10-02,Chelsea,Ypsilanti Community,,
2026-10-02,Cincinnati Moeller (OH),Cincinnati Elder (OH),,
2026-10-02,Clarkston,West Bloomfield,,
2026-10-02,Clinton Township Clintondale,St Clair Shores South Lake,,
2026-10-02,Clyde (OH),Milan Edison (OH),,
2026-10-02,Columbus St Francis de Sales (OH),Bloom-Carroll (OH),,
2026-10-02,Comstock,Cassopolis,,
2026-10-02,Corunna,Lake Fenton,,
2026-10-02,Davison,River Rouge,,
2026-10-02,Dearborn,Brighton,,
2026-10-02,Dearborn Divine Child,Toledo St John's Jesuit (OH),,
2026-10-02,Dearborn Edsel Ford,Brownstown Woodhaven,,
2026-10-02,Dearborn Heights Annapolis,Flint Powers Catholic,,
2026-10-02,Detroit Cass Tech,Detroit Western,,
2026-10-02,Detroit Community,Southfield Bradford Academy,,
2026-10-02,Detroit Country Day,Detroit Loyola,,
2026-10-02,Detroit East English,Detroit Martin Luther King,,
2026-10-02,Detroit Leadership Academy,Redford Westfield Prep,,
2026-10-02,Detroit Lincoln-King,Grosse Pointe Woods University Liggett,,
2026-10-02,Detroit Mumford,Detroit Renaissance,,
2026-10-02,Detroit Southeastern,Detroit Henry Ford,,
2026-10-02,Detroit University Prep Science & Math,Detroit University Prep,,
2026-10-02,Dexter,Temperance Bedford,,
2026-10-02,Durand,Montrose,,
2026-10-02,East Grand Rapids,Grand Rapids Northview,,
2026-10-02,East Jackson,Union City,,
2026-10-02,East Jordan,Benzie Central,,
2026-10-02,East Kentwood,Rockford,,
2026-10-02,East Lansing,DeWitt,,
2026-10-02,Eastpointe,Madison Heights Madison,,
2026-10-02,Eaton Rapids,Olivet,,
2026-10-02,Ecorse,Harper Woods Chandler Park,,
2026-10-02,Edon (OH),Ottawa Lake Whiteford,,
2026-10-02,Edwardsburg,Plainwell,,
2026-10-02,Elkhart Jimtown (IN),Knox (IN),,
2026-10-02,Escanaba,Sault Ste Marie,,
2026-10-02,Essexville Garber,Saginaw Swan Valley,,
2026-10-02,Farwell,St Louis,,
2026-10-02,Fenton,Flint Kearsley,,
2026-10-02,Flat Rock,Riverview,,
2026-10-02,Flint Carman-Ainsworth,Saginaw Heritage,,
2026-10-02,Flint Southwestern,International Academy of Flint,,
2026-10-02,Fowler,Pewamo-Westphalia,,
2026-10-02,Frankfort,Tawas,,
2026-10-02,Freeland,Alma,,
2026-10-02,Fruitport,Holland,,
2026-10-02,Galesburg-Augusta,Decatur,,
2026-10-02,Garden City,Redford Thurston,,
2026-10-02,Genesee,Burton Bendle,,
2026-10-02,Gladstone,Menominee,,
2026-10-02,Gobles,Centreville,,
2026-10-02,Goodrich,Owosso,,
2026-10-02,Grand Ledge,Lansing Waverly,,
2026-10-02,Grand Rapids Catholic Central,Middleville Thornapple Kellogg,,
2026-10-02,Grand Rapids NorthPointe Christian,Benton Harbor,,
2026-10-02,Grand Rapids Ottawa Hills,Holland Christian,,
2026-10-02,Grand Rapids South Christian,Wyoming,,
2026-10-02,Grand Rapids West Catholic,Spring Lake,,
2026-10-02,Grandville,Caledonia,,
2026-10-02,Grandville Calvin Christian,Wyoming Godwin Heights,,
2026-10-02,Grass Lake,Vandercook Lake,,
2026-10-02,Grosse Ile,Carleton Airport,,
2026-10-02,Grosse Pointe North,Marysville,,
2026-10-02,Hamilton,Wayland,,
2026-10-02,Hamilton St Thomas More (CN),Hamilton St. Mary Catholic (CN),,
2026-10-02,Hammond Central (IN),Hammond Morton (IN),,
2026-10-02,Hamtramck,Detroit Edison,,
2026-10-02,Hancock,Kingsford,,
2026-10-02,Harbor Beach,Vassar,,
2026-10-02,Harper Woods,Waterford Mott,,
2026-10-02,Harrison Township L'Anse Creuse,Fraser,,
2026-10-02,Hartford,Niles Brandywine,,
2026-10-02,Haslett,St Johns,,
2026-10-02,Hemlock,Ithaca,,
2026-10-02,Hesperia,Shelby,,
2026-10-02,Holland West Ottawa,Hudsonville,,
2026-10-02,Holly,Flushing,,
2026-10-02,Holt,Okemos,,
2026-10-02,Houghton,Calumet,,
2026-10-02,Houghton Lake,McBain,,
2026-10-02,Howell,Hartland,,
2026-10-02,Hudson,Clinton,,
2026-10-02,Hudsonville Unity Christian,Grand Rapids Forest Hills Central,,
2026-10-02,Ida,Dundee,,
2026-10-02,Ionia,Charlotte,,
2026-10-02,Iron Mountain,Gwinn,,
2026-10-02,Ishpeming Westwood,Negaunee,,
2026-10-02,Jackson Lumen Christi,Detroit U of D Jesuit,,
2026-10-02,Jackson Northwest,Marshall,,
2026-10-02,Jenison,Grand Haven,,
2026-10-02,Johannesburg-Lewiston,Mancelona,,
2026-10-02,Jonesville,Hanover-Horton,,
2026-10-02,Kalamazoo Central,Battle Creek Central,,
2026-10-02,Kalamazoo Hackett Catholic Prep,Schoolcraft,,
2026-10-02,Kalamazoo Loy Norrix,Mattawan,,
2026-10-02,Kalkaska,Vestaburg,,
2026-10-02,Kent City,White Cloud,,
2026-10-02,LaGrange Prairie Heights (IN),Albion Central Noble (IN),,
2026-10-02,Laingsburg,Bath,,
2026-10-02,Lake City,Beal City,,
2026-10-02,Lakeview,Harbor Springs,,
2026-10-02,Lansing Catholic,Portland,,
2026-10-02,Lansing Eastern,Williamston,,
2026-10-02,Lansing Sexton,Lake Odessa Lakewood,,
2026-10-02,Lapeer,Grand Blanc,,
2026-10-02,Lawton,Delton Kellogg,,
2026-10-02,Livonia Franklin,Livonia Churchill,,
2026-10-02,Lowell,Lansing Everett,,
2026-10-02,Ludington,Montague,,
2026-10-02,Macomb Dakota,Grosse Pointe South,,
2026-10-02,Macomb L'Anse Creuse North,Port Huron,,
2026-10-02,Macomb Lutheran North,Richmond,,
2026-10-02,Madison Heights Bishop Foley,Mount Clemens,,
2026-10-02,Madison Heights Lamphere,Sterling Heights,,
2026-10-02,Manchester,Leslie,,
2026-10-02,Manistique,West Iron County,,
2026-10-02,Manton,Evart,,
2026-10-02,Marine City,Hazel Park,,
2026-10-02,Mason,Fowlerville,,
2026-10-02,Mason County Central,Ravenna,,
2026-10-02,Melvindale,Redford Union,,
2026-10-02,Midland Bullock Creek,Gladwin,,
2026-10-02,Midland Dow,Traverse City West,,
2026-10-02,Milford,North Farmington,,
2026-10-02,Millington,Reese,,
2026-10-02,Monroe,Jackson,,
2026-10-02,Monroe St Mary Catholic Central,Milan,,
2026-10-02,Morley Stanwood,Central Montcalm,,
2026-10-02,Mount Pleasant,Bay City Western,,
2026-10-02,Mt Morris,Chesaning,,
2026-10-02,Muskegon,Grand Rapids Forest Hills Northern,,
2026-10-02,Muskegon Mona Shores,Byron Center,,
2026-10-02,Muskegon Oakridge,Fremont,,
2026-10-02,Muskegon Reeths-Puffer,Grand Rapids Union,,
2026-10-02,Napoleon,Michigan Center,,
2026-10-02,Neillsville (WI),Stanley-Boyd (WI),,
2026-10-02,New Baltimore Anchor Bay,St Clair Shores Lakeview,,
2026-10-02,New Boston Huron,Monroe Jefferson,,
2026-10-02,New Lothrop,Ovid-Elsie,,
2026-10-02,North Muskegon,Manistee,,
2026-10-02,Northville,Dearborn Fordson,,
2026-10-02,Oak Park,Birmingham Groves,,
2026-10-02,Oconto Falls (WI),Marinette (WI),,
2026-10-02,Ogemaw Heights,Standish-Sterling,,
2026-10-02,Onsted,Hillsdale,,
2026-10-02,Ortonville Brandon,Clio,,
2026-10-02,Oscoda,Maple City Glen Lake,,
2026-10-02,Otisville LakeVille Memorial,Birch Run,,
2026-10-02,Oxford,Rochester Adams,,
2026-10-02,Parchment,Coloma,,
2026-10-02,Parma Western,Cadillac,,
2026-10-02,Perry,Saranac,,
2026-10-02,Petoskey,Gaylord,,
2026-10-02,Pioneer North Central (OH),Erie Mason,,
2026-10-02,Plymouth,Dearborn Heights Crestwood,,
2026-10-02,Pontiac,Ferndale,,
2026-10-02,Port Huron Northern,Utica,,
2026-10-02,Portage (IN),Michigan City (IN),,
2026-10-02,Portage Central,Battle Creek Lakeview,,
2026-10-02,Portage Northern,St Joseph,,
2026-10-02,Quincy,Mount Pleasant Sacred Heart,,
2026-10-02,Reading,Springport,,
2026-10-02,Reed City,Newaygo,,
2026-10-02,Remus Chippewa Hills,Howard City Tri County,,
2026-10-02,Rochester Hills Lutheran Northwest,Lutheran Westland,,
2026-10-02,Rochester Hills Stoney Creek,Rochester,,
2026-10-02,Romeo,Clinton Township Chippewa Valley,,
2026-10-02,Romulus,Dearborn Heights Robichaud,,
2026-10-02,Romulus Summit Academy North,Frankenmuth,,
2026-10-02,Saginaw Michigan Lutheran Seminary,Saginaw Valley Lutheran,,
2026-10-02,Saginaw Nouvel Catholic Central,Carrollton,,
2026-10-02,Saline,Ann Arbor Huron,,
2026-10-02,Sand Creek,Montpelier (OH),,
2026-10-02,Sandusky,Elkton-Pigeon-Bay Port Laker,,
2026-10-02,Sanford Meridian,Harrison,,
2026-10-02,Shepherd,Clare,,
2026-10-02,South Lyon East,Farmington,,
2026-10-02,Southgate Anderson,Gibraltar Carlson,,
2026-10-02,Sparta,Coopersville,,
2026-10-02,Stockbridge,Homer,,
2026-10-02,Sturgeon Bay (WI),Brussels Southern Door (WI),,
2026-10-02,Sturgis,Paw Paw,,
2026-10-02,Swartz Creek,Linden,,
2026-10-02,Tecumseh,Adrian,,
2026-10-02,Three Rivers,Niles,,
2026-10-02,Toledo Whitmer (OH),Sylvania Northview (OH),,
2026-10-02,Traverse City Central,Midland,,
2026-10-02,Trenton,Taylor,,
2026-10-02,Troy,Lake Orion,,
2026-10-02,Troy Athens,Bloomfield Hills,,
2026-10-02,Unionville-Sebewaing,Ubly,,
2026-10-02,Utica Eisenhower,Sterling Heights Stevenson,,
2026-10-02,Utica Ford,Warren Cousino,,
2026-10-02,Vicksburg,Otsego,,
2026-10-02,Walled Lake Northern,Livonia Stevenson,,
2026-10-02,Walled Lake Western,Walled Lake Central,,
2026-10-02,Warren De La Salle Collegiate,Orchard Lake St Mary's,,
2026-10-02,Warren Fitzgerald,St Clair Shores Lake Shore,,
2026-10-02,Warren Lincoln,Clawson,,
2026-10-02,Warren Mott,Roseville,,
2026-10-02,Warren Woods Tower,Center Line,,
2026-10-02,Watervliet,South Haven,,
2026-10-02,West Unity Hilltop (OH),Petersburg Summerfield,,
2026-10-02,Westland John Glenn,Wayne Memorial,,
2026-10-02,White Lake Lakeland,South Lyon,,
2026-10-02,White Pigeon,Saugatuck,,
2026-10-02,Whitehall,Hart,,
2026-10-02,Whitmore Lake,Livonia Clarenceville,,
2026-10-02,Wyandotte Roosevelt,Lincoln Park,,
2026-10-02,Wyoming Kelloggsville,Comstock Park,,
2026-10-02,Yale,Croswell-Lexington,,
2026-10-02,Ypsilanti Lincoln,Pinckney,,
2026-10-02,Zeeland West,Zeeland East,,
2026-10-03,Aurora St Andrews (CN),Selywn House School (CN),,
2026-10-03,Chicago Kenwood Academy (IL),Chicago Lincoln Park (IL),,
2026-10-03,Detroit Catholic Central,Toledo Central Catholic (OH),,
2026-10-03,Detroit Voyageur College Prep,Warren Michigan Collegiate,,
2026-10-03,Eureka St. Bernard (CA),Ferndale (CA),,
2026-10-03,Flint New Standard Academy,Flint Beecher,,
2026-10-03,Marine City Cardinal Mooney,Royal Oak Shrine Catholic,,
2026-10-03,Melrose Park Walther Christian (IL),Deer Creek-Mackinaw (IL),,
2026-10-03,Muskegon Orchard View,St Clair,,
2026-10-03,Rochester Aquinas Institute (NY),New Market Huron Heights (CN),,
2026-10-03,Traverse City St Francis,Pontiac Notre Dame Prep,,
2026-10-07,Aurora St Andrews (CN),Sarnia St Patrick (CN),,
2026-10-08,Ann Arbor Huron,Temperance Bedford,,
2026-10-08,Detroit Cody,Detroit Douglass,,
2026-10-08,Detroit East English,Detroit Mumford,,
2026-10-08,Detroit Leadership Academy,Southfield Bradford Academy,,
2026-10-08,Detroit Northwestern,Detroit Communication Media Arts,,
2026-10-08,Detroit Osborn,Detroit Pershing,,
2026-10-08,Fortuna (CA),Eureka St. Bernard (CA),,
2026-10-08,Marinette (WI),Kewaunee (WI),,
2026-10-08,Montpelier (OH),West Unity Hilltop (OH),,
2026-10-08,Neillsville (WI),West Iron County,,
2026-10-08,Windsor Holy Names (CN),Windsor Herman (CN),,
2026-10-09,Addison,Jonesville,,
2026-10-09,Adrian,Ypsilanti Community,,
2026-10-09,Adrian Madison,Onsted,,
2026-10-09,Algonac,Eastpointe,,
2026-10-09,Allendale,Sparta,,
2026-10-09,Almont,Macomb Lutheran North,,
2026-10-09,Alpena,Petoskey,,
2026-10-09,Ann Arbor Skyline,Dexter,,
2026-10-09,Arts & Technology Academy of Pontiac,Detroit Community,,
2026-10-09,Auburn Hills Avondale,Berkley,,
2026-10-09,Bath,Fowler,,
2026-10-09,Battle Creek Central,Portage Central,,
2026-10-09,Bay City Central,Midland Dow,,
2026-10-09,Bay City John Glenn,Frankenmuth,,
2026-10-09,Bay City Western,Traverse City Central,,
2026-10-09,Belleville,Northville,,
2026-10-09,Benton Harbor,Genesee,,
2026-10-09,Benzie Central,Elk Rapids,,
2026-10-09,Birch Run,Durand,,
2026-10-09,Birmingham Seaholm,Harper Woods,,
2026-10-09,Blissfield,Dundee,,
2026-10-09,Bloomfield Hills,Troy,,
2026-10-09,Bremen (IN),Knox (IN),,
2026-10-09,Burton Bendle,Flint Beecher,,
2026-10-09,Butler Eastside (IN),LaGrange Prairie Heights (IN),,
2026-10-09,Byron Center,Grand Rapids Union,,
2026-10-09,Caledonia,East Kentwood,,
2026-10-09,Carleton Airport,New Boston Huron,,
2026-10-09,Carrollton,Saginaw Michigan Lutheran Seminary,,
2026-10-09,Cassopolis,Gobles,,
2026-10-09,Cedar Springs,Lowell,,
2026-10-09,Centreville,Saugatuck,,
2026-10-09,Charlevoix,Kalkaska,,
2026-10-09,Chesaning,New Lothrop,,
2026-10-09,Clare,Midland Bullock Creek,,
2026-10-09,Cleveland St Ignatius (OH),Cincinnati Moeller (OH),,
2026-10-09,Clinton,Ida,,
2026-10-09,Clinton Township Chippewa Valley,Macomb Dakota,,
2026-10-09,Clyde (OH),Sandusky (OH),,
2026-10-09,Coldwater,Battle Creek Pennfield,,
2026-10-09,Columbus Harvest Prep (OH),Ironton (OH),,
2026-10-09,Columbus St Francis de Sales (OH),Columbus St Charles Prep (OH),,
2026-10-09,Constantine,Lawton,,
2026-10-09,Coopersville,Greenville,,
2026-10-09,Dearborn Divine Child,Detroit U of D Jesuit,,
2026-10-09,Dearborn Fordson,Canton,,
2026-10-09,Dearborn Heights Crestwood,Hartland,,
2026-10-09,Dearborn Heights Robichaud,Garden City,,
2026-10-09,Delton Kellogg,Parchment,,
2026-10-09,Detroit Denby,Detroit Central,,
2026-10-09,Detroit Edison,Harper Woods Chandler Park,,
2026-10-09,Detroit Henry Ford,Detroit Western,,
2026-10-09,Detroit Loyola,Ann Arbor Father Gabriel Richard,,
2026-10-09,Detroit Martin Luther King,Detroit Southeastern,,
2026-10-09,Detroit Renaissance,Detroit Cass Tech,,
2026-10-09,Detroit University Prep,Hazel Park,,
2026-10-09,DeWitt,Holt,,
2026-10-09,Dowagiac,Buchanan,,
2026-10-09,East Jackson,Vestaburg,,
2026-10-09,East Jordan,Johannesburg-Lewiston,,
2026-10-09,Ecorse,Hamtramck,,
2026-10-09,Edon (OH),Pioneer North Central (OH),,
2026-10-09,Elkton-Pigeon-Bay Port Laker,Cass City,,
2026-10-09,Erie Mason,Ottawa Lake Whiteford,,
2026-10-09,Escanaba,Calumet,,
2026-10-09,Evart,Beal City,,
2026-10-09,Farmington,Milford,,
2026-10-09,Farwell,Harrison,,
2026-10-09,Findlay (OH),Toledo Whitmer (OH),,
2026-10-09,Flat Rock,Milan,,
2026-10-09,Flint Carman-Ainsworth,Davison,,
2026-10-09,Flint Hamady,Lutheran Westland,,
2026-10-09,Flint Kearsley,Holly,,
2026-10-09,Flint Powers Catholic,Alma,,
2026-10-09,Flint Southwestern,Flint New Standard Academy,,
2026-10-09,Fraser,Macomb L'Anse Creuse North,,
2026-10-09,Freeland,Essexville Garber,,
2026-10-09,Galesburg-Augusta,White Pigeon,,
2026-10-09,Gibraltar Carlson,Brownstown Woodhaven,,
2026-10-09,Goodrich,Corunna,,
2026-10-09,Grand Blanc,Saginaw United,,
2026-10-09,Grand Haven,Holland West Ottawa,,
2026-10-09,Grand Rapids Christian,Grand Rapids West Catholic,,
2026-10-09,Grand Rapids Forest Hills Central,Grand Rapids South Christian,,
2026-10-09,Grand Rapids Forest Hills Northern,Muskegon Reeths-Puffer,,
2026-10-09,Grand Rapids Kenowa Hills,Battle Creek Harper Creek,,
2026-10-09,Grand Rapids Ottawa Hills,Grand Rapids Catholic Central,,
2026-10-09,Grandville Calvin Christian,Fruitport,,
2026-10-09,Grant,Howard City Tri County,,
2026-10-09,Grayling,Traverse City St Francis,,
2026-10-09,Grosse Pointe North,Sterling Heights,,
2026-10-09,Grosse Pointe South,Utica Eisenhower,,
2026-10-09,Grosse Pointe Woods University Liggett,Clarkston Everest Collegiate,,
2026-10-09,Gwinn,Manistique,,
2026-10-09,Hamilton,Ada Forest Hills Eastern,,
2026-10-09,Hamilton St Thomas More (CN),Hamilton Bishop Tonnos (CN),,
2026-10-09,Hammond Morton (IN),Hobart (IN),,
2026-10-09,Hancock,Bark River-Harris,,
2026-10-09,Hanover-Horton,Leslie,,
2026-10-09,Harbor Springs,Mancelona,,
2026-10-09,Harrison Township L'Anse Creuse,Utica Ford,,
2026-10-09,Hartford,Comstock,,
2026-10-09,Hastings,Jackson Northwest,,
2026-10-09,Hillsdale,Hudson,,
2026-10-09,Holland,Comstock Park,,
2026-10-09,Holland Christian,East Grand Rapids,,
2026-10-09,Hopkins,Berrien Springs,,
2026-10-09,Houghton,Gladstone,,
2026-10-09,Howell,Brighton,,
2026-10-09,Hudsonville,Jenison,,
2026-10-09,Hudsonville Unity Christian,Zeeland West,,
2026-10-09,Imlay City,Yale,,
2026-10-09,International Academy of Flint,Burton Atherton,,
2026-10-09,Ionia,Lansing Sexton,,
2026-10-09,Iron Mountain,L'Anse,,
2026-10-09,Ithaca,Saginaw Valley Lutheran,,
2026-10-09,Jackson,Ypsilanti Lincoln,,
2026-10-09,Jackson Lumen Christi,Toledo St Francis De Sales (OH),,
2026-10-09,Kalamazoo Hackett Catholic Prep,Coloma,,
2026-10-09,Kent City,Central Montcalm,,
2026-10-09,Kingsford,Ishpeming Westwood,,
2026-10-09,Kingsley,Boyne City,,
2026-10-09,Laingsburg,Perry,,
2026-10-09,Lake Fenton,Clio,,
2026-10-09,Lake Odessa Lakewood,Lansing Catholic,,
2026-10-09,Lake Orion,Clarkston,,
2026-10-09,Lakeville Laville (IN),Elkhart Jimtown (IN),,
2026-10-09,Lansing Eastern,Haslett,,
2026-10-09,Lansing Everett,Grand Ledge,,
2026-10-09,LeRoy Pine River,Manton,,
2026-10-09,Lincoln Park,Dearborn Edsel Ford,,
2026-10-09,Linden,Fenton,,
2026-10-09,Livonia Churchill,Walled Lake Central,,
2026-10-09,Livonia Clarenceville,Detroit Lincoln-King,,
2026-10-09,Livonia Stevenson,North Farmington,,
2026-10-09,Ludington,Hart,,
2026-10-09,Madison Heights Madison,Clawson,,
2026-10-09,Maple City Glen Lake,Frankfort,,
2026-10-09,Marquette,Gaylord,,
2026-10-09,Mason County Central,Manistee,,
2026-10-09,Mattawan,Battle Creek Lakeview,,
2026-10-09,McBain,Lake City,,
2026-10-09,Michigan Center,Grass Lake,,
2026-10-09,Michigan City (IN),LaPorte (IN),,
2026-10-09,Middleville Thornapple Kellogg,Grand Rapids Northview,,
2026-10-09,Midland,Lapeer,,
2026-10-09,Monroe,Ann Arbor Pioneer,,
2026-10-09,Monroe Jefferson,Grosse Ile,,
2026-10-09,Montague,North Muskegon,,
2026-10-09,Montrose,Ovid-Elsie,,
2026-10-09,Morley Stanwood,Carson City-Crystal,,
2026-10-09,Mount Clemens,Pontiac Notre Dame Prep,,
2026-10-09,Mount Pleasant Sacred Heart,Houghton Lake,,
2026-10-09,Muskegon,Muskegon Mona Shores,,
2026-10-09,Muskegon Oakridge,Whitehall,,
2026-10-09,Muskegon Orchard View,Fremont,,
2026-10-09,Napoleon,Brooklyn Columbia Central,,
2026-10-09,Negaunee,Menominee,,
2026-10-09,New Haven,Warren Lincoln,,
2026-10-09,Newaygo,Big Rapids,,
2026-10-09,Niles,Vicksburg,,
2026-10-09,Niles Brandywine,Decatur,,
2026-10-09,North Branch,Croswell-Lexington,,
2026-10-09,Novi,Plymouth,,
2026-10-09,Ogemaw Heights,Gladwin,,
2026-10-09,Okemos,Lansing Waverly,,
2026-10-09,Olivet,Charlotte,,
2026-10-09,Orchard Lake St Mary's,Detroit Catholic Central,,
2026-10-09,Oscoda,Tawas,,
2026-10-09,Otisville LakeVille Memorial,Mt Morris,,
2026-10-09,Otsego,Paw Paw,,
2026-10-09,Owosso,Ortonville Brandon,,
2026-10-09,Parma Western,Marshall,,
2026-10-09,Petersburg Summerfield,Sand Creek,,
2026-10-09,Pinckney,Chelsea,,
2026-10-09,Plainwell,Sturgis,,
2026-10-09,Port Huron,Warren Cousino,,
2026-10-09,Portage Northern,Kalamazoo Central,,
2026-10-09,Portland,Eaton Rapids,,
2026-10-09,Quincy,Bronson,,
2026-10-09,Ravenna,Hesperia,,
2026-10-09,Reading,Stockbridge,,
2026-10-09,Redford Thurston,Melvindale,,
2026-10-09,Redford Westfield Prep,Melvindale Academy for Business & Tech,,
2026-10-09,Reese,Harbor Beach,,
2026-10-09,Remus Chippewa Hills,Reed City,,
2026-10-09,Richmond,Armada,,
2026-10-09,Riverview,Monroe St Mary Catholic Central,,
2026-10-09,Rochester,Troy Athens,,
2026-10-09,Rochester Adams,Rochester Hills Stoney Creek,,
2026-10-09,Rochester Hills Lutheran Northwest,Auburn Hills Oakland Christian,,
2026-10-09,Rockford,Grandville,,
2026-10-09,Romulus,Dearborn Heights Annapolis,,
2026-10-09,Roseville,New Baltimore Anchor Bay,,
2026-10-09,Royal Oak,Ferndale,,
2026-10-09,Royal Oak Shrine Catholic,Allen Park Cabrini,,
2026-10-09,Saginaw Heritage,East Lansing,,
2026-10-09,Saginaw Nouvel Catholic Central,Hemlock,,
2026-10-09,Saginaw Swan Valley,Bridgeport,,
2026-10-09,Salem,Westland John Glenn,,
2026-10-09,Saline,River Rouge,,
2026-10-09,Sandusky,Millington,,
2026-10-09,Sanford Meridian,Beaverton,,
2026-10-09,Saranac,Pewamo-Westphalia,,
2026-10-09,Sault Ste Marie,Cadillac,,
2026-10-09,Schoolcraft,Watervliet,,
2026-10-09,Shelby,Muskegon Catholic Central,,
2026-10-09,Shepherd,Standish-Sterling,,
2026-10-09,South Haven,Allegan,,
2026-10-09,South Lyon,South Lyon East,,
2026-10-09,Southfield Arts & Technology,Oak Park,,
2026-10-09,Southgate Anderson,Trenton,,
2026-10-09,Springport,Union City,,
2026-10-09,St Clair,Warren Woods Tower,,
2026-10-09,St Clair Shores Lake Shore,Marysville,,
2026-10-09,St Clair Shores Lakeview,Port Huron Northern,,
2026-10-09,St Clair Shores South Lake,Marine City,,
2026-10-09,St Johns,Fowlerville,,
2026-10-09,St Joseph,Redford Union,,
2026-10-09,St Louis,Pinconning,,
2026-10-09,Sterling Heights Parkway Christian,Whitmore Lake,,
2026-10-09,Sterling Heights Stevenson,Romeo,,
2026-10-09,Stevensville Lakeshore,Kalamazoo Loy Norrix,,
2026-10-09,Swartz Creek,Flushing,,
2026-10-09,Tecumseh,Taylor,,
2026-10-09,Three Rivers,Edwardsburg,,
2026-10-09,Toledo Central Catholic (OH),Bloomfield Hills Brother Rice,,
2026-10-09,Toledo St John's Jesuit (OH),Warren De La Salle Collegiate,,
2026-10-09,Traverse City West,Mount Pleasant,,
2026-10-09,Ubly,Caro,,
2026-10-09,Utica,Warren Mott,,
2026-10-09,Vandercook Lake,Manchester,,
2026-10-09,Vassar,Unionville-Sebewaing,,
2026-10-09,Vermontville Maple Valley,Homer,,
2026-10-09,Walled Lake Western,Walled Lake Northern,,
2026-10-09,Warren Fitzgerald,Madison Heights Lamphere,,
2026-10-09,Waterford Kettering,Pontiac,,
2026-10-09,Waterford Mott,Birmingham Groves,,
2026-10-09,Waterford Our Lady of the Lakes,Madison Heights Bishop Foley,,
2026-10-09,Wayland,Spring Lake,,
2026-10-09,Wayne Memorial,Dearborn,,
2026-10-09,West Bloomfield,Oxford,,
2026-10-09,White Cloud,Lakeview,,
2026-10-09,White Lake Lakeland,Livonia Franklin,,
2026-10-09,Williamston,Mason,,
2026-10-09,Wyandotte Roosevelt,Allen Park,,
2026-10-09,Wyoming Godwin Heights,Belding,,
2026-10-09,Wyoming Kelloggsville,Grand Rapids NorthPointe Christian,,
2026-10-09,Zeeland East,Wyoming,,
2026-10-10,Buffalo Canisius (NY),New Market Huron Heights (CN),,
2026-10-10,Center Line,Clinton Township Clintondale,,
2026-10-10,Chicago Kenwood Academy (IL),Chicago Bulls College Prep (IL),,
2026-10-10,Detroit Country Day,Bloomfield Hills Cranbrook Kingswood,,
2026-10-10,Detroit University Prep Science & Math,Detroit Voyageur College Prep,,
2026-10-10,Melrose Park Walther Christian (IL),Peru Saint Bede Academy (IL),,
2026-10-10,Warren Michigan Collegiate,Romulus Summit Academy North,,
2026-10-15,Mount Pleasant Sacred Heart,Saginaw Nouvel Catholic Central,,
2026-10-15,Regis (WI),Neillsville (WI),,
2026-10-16,Cascades crossover,Brooklyn Columbia Central,,
2026-10-16,Cascades crossover,Napoleon,,
2026-10-16,Cascades crossover at North opponent,Jonesville,,
2026-10-16,JPC crossover(Away),Gladwin,,
2026-10-16,Metro League crossover,Corunna,,
2026-10-16,Metro League crossover,Clio,,
2026-10-16,Metro League crossover,Ortonville Brandon,,
2026-10-16,Metro League crossover,Owosso,,
2026-10-16,Metro League crossover (10/16 or 10/17),Goodrich,,
2026-10-16,OAA Gold/White crossover,Bloomfield Hills,,
2026-10-16,OAA Red/Blue crossover,Lake Orion,,
2026-10-16,OAA Red/Blue crossover,West Bloomfield,,
2026-10-16,OAA Red/Blue crossover,Rochester Adams,,
2026-10-16,Allegan,Schoolcraft,,
2026-10-16,Allen Park,Dearborn Edsel Ford,,
2026-10-16,Allen Park Cabrini,Detroit Loyola,,
2026-10-16,Alma,Bay City John Glenn,,
2026-10-16,Ann Arbor Pioneer,Dexter,,
2026-10-16,Ann Arbor Skyline,Flint Powers Catholic,,
2026-10-16,Armada,Yale,,
2026-10-16,Arts & Technology Academy of Pontiac,Redford Westfield Prep,,
2026-10-16,Auburn Hills Oakland Christian,Muskegon Catholic Central,,
2026-10-16,Bark River-Harris,Manistique,,
2026-10-16,Bath,Grayling,,
2026-10-16,Battle Creek Lakeview,Stevensville Lakeshore,,
2026-10-16,Bay City Central,Traverse City Central,,
2026-10-16,Beal City,LeRoy Pine River,,
2026-10-16,Belding,Grandville Calvin Christian,,
2026-10-16,Benzie Central,Maple City Glen Lake,,
2026-10-16,Berrien Springs,Niles Brandywine,,
2026-10-16,Bloomfield Hills Brother Rice,Toledo St John's Jesuit (OH),,
2026-10-16,Bremen (IN),Akron Tippecanoe Valley (IN),,
2026-10-16,Bridgeport,Freeland,,
2026-10-16,Brighton,Westland John Glenn,,
2026-10-16,Bronson,Reading,,
2026-10-16,Buchanan,Benton Harbor,,
2026-10-16,Buffalo Bishop Timon (NY),Aurora St Andrews (CN),,
2026-10-16,Burton Atherton,Flint Southwestern,,
2026-10-16,Burton Bendle,Flint New Standard Academy,,
2026-10-16,Cadillac,Escanaba,,
2026-10-16,Canton,Wayne Memorial,,
2026-10-16,Carrollton,Sterling Heights Parkway Christian,,
2026-10-16,Carson City-Crystal,Saranac,,
2026-10-16,Center Line,St Clair,,
2026-10-16,Charlotte,Portland,,
2026-10-16,Clarkston Everest Collegiate,Bloomfield Hills Cranbrook Kingswood,,
2026-10-16,Clawson,Hazel Park,,
2026-10-16,Clinton,Adrian Madison,,
2026-10-16,Clinton Township Chippewa Valley,Warren Mott,,
2026-10-16,Clinton Township Clintondale,New Haven,,
2026-10-16,Clyde (OH),Columbiana Crestview (OH),,
2026-10-16,Coloma,Watervliet,,
2026-10-16,Columbus Harvest Prep (OH),Westerville South (OH),,
2026-10-16,Columbus St Francis de Sales (OH),Steubenville (OH),,
2026-10-16,Comstock Park,Fruitport,,
2026-10-16,Constantine,Delton Kellogg,,
2026-10-16,Coopersville,Allendale,,
2026-10-16,Croswell-Lexington,Almont,,
2026-10-16,Davison,Grand Blanc,,
2026-10-16,Dearborn Heights Annapolis,Redford Thurston,,
2026-10-16,Dearborn Heights Crestwood,Howell,,
2026-10-16,Decatur,Hartford,,
2026-10-16,Detroit Country Day,Jackson Lumen Christi,,
2026-10-16,Detroit Edison,Ecorse,,
2026-10-16,Detroit Leadership Academy,Detroit Community,,
2026-10-16,Detroit U of D Jesuit,Ann Arbor Father Gabriel Richard,,
2026-10-16,Detroit University Prep Science & Math,Lansing Eastern,,
2026-10-16,Detroit Voyageur College Prep,Romulus Summit Academy North,,
2026-10-16,Dowagiac,Elkhart Jimtown (IN),,
2026-10-16,Dundee,Onsted,,
2026-10-16,Dwight (IL),Melrose Park Walther Christian (IL),,
2026-10-16,East Grand Rapids,Middleville Thornapple Kellogg,,
2026-10-16,Eastpointe,Warren Woods Tower,,
2026-10-16,Edwardsburg,Vicksburg,,
2026-10-16,Elk Rapids,Charlevoix,,
2026-10-16,Elkton-Pigeon-Bay Port Laker,Harbor Beach,,
2026-10-16,Erie Mason,Sand Creek,,
2026-10-16,Essexville Garber,Caro,,
2026-10-16,Flint Beecher,Genesee,,
2026-10-16,Flint Hamady,Detroit Lincoln-King,,
2026-10-16,Fowlerville,Pinckney,,
2026-10-16,Frankfort,East Jordan,,
2026-10-16,Fraser,Grosse Pointe North,,
2026-10-16,Gibraltar Carlson,Lincoln Park,,
2026-10-16,Gladstone,Calumet,,
2026-10-16,Gobles,Galesburg-Augusta,,
2026-10-16,Grand Haven,Caledonia,,
2026-10-16,Grand Ledge,DeWitt,,
2026-10-16,Grand Rapids Catholic Central,Holland Christian,,
2026-10-16,Grand Rapids NorthPointe Christian,Holland,,
2026-10-16,Grand Rapids Northview,Grand Rapids Ottawa Hills,,
2026-10-16,Grand Rapids South Christian,Zeeland East,,
2026-10-16,Grand Rapids Union,Muskegon,,
2026-10-16,Grand Rapids West Catholic,Wayland,,
2026-10-16,Grant,Morley Stanwood,,
2026-10-16,Greenville,Sparta,,
2026-10-16,Grosse Ile,Riverview,,
2026-10-16,Hamilton,Grand Rapids Christian,,
2026-10-16,Hamilton St Thomas More (CN),Hamilton Cathedral (CN),,
2026-10-16,Hammond Morton (IN),East Chicago Central (IN),,
2026-10-16,Hamtramck,Williamston,,
2026-10-16,Harbor Springs,Johannesburg-Lewiston,,
2026-10-16,Harper Woods,Clarkston,,
2026-10-16,Harper Woods Chandler Park,Warren Michigan Collegiate,,
2026-10-16,Hart,Shelby,,
2026-10-16,Hartland,Dearborn,,
2026-10-16,Hemlock,White Cloud,,
2026-10-16,Hillsdale,Blissfield,,
2026-10-16,Holland West Ottawa,East Kentwood,,
2026-10-16,Homer,East Jackson,,
2026-10-16,Hopkins,Wyoming Kelloggsville,,
2026-10-16,Houghton Lake,Lake City,,
2026-10-16,Howard City Tri County,Kent City,,
2026-10-16,Hudson,Ida,,
2026-10-16,Hudsonville,Rockford,,
2026-10-16,Ishpeming Westwood,Gwinn,,
2026-10-16,Ithaca,Fowler,,
2026-10-16,Jackson,Adrian,,
2026-10-16,Jackson Northwest,Battle Creek Harper Creek,,
2026-10-16,Jenison,Grandville,,
2026-10-16,Kalamazoo Central,St Joseph,,
2026-10-16,Kalamazoo Hackett Catholic Prep,South Haven,,
2026-10-16,Kalamazoo Loy Norrix,Portage Northern,,
2026-10-16,Kingsley,Kalkaska,,
2026-10-16,L'Anse,Hancock,,
2026-10-16,Lake Odessa Lakewood,Olivet,,
2026-10-16,Lansing Catholic,Ionia,,
2026-10-16,Lansing Everett,East Lansing,,
2026-10-16,Lansing Sexton,Eaton Rapids,,
2026-10-16,Lansing Waverly,Holt,,
2026-10-16,Ligonier West Noble (IN),LaGrange Prairie Heights (IN),,
2026-10-16,Livonia Franklin,Walled Lake Northern,,
2026-10-16,Livonia Stevenson,Livonia Churchill,,
2026-10-16,Lowell,Grand Rapids Kenowa Hills,,
2026-10-16,Lutheran Westland,Detroit University Prep,,
2026-10-16,Macomb Dakota,Utica,,
2026-10-16,Macomb Lutheran North,Imlay City,,
2026-10-16,Madison Heights Bishop Foley,Marine City Cardinal Mooney,,
2026-10-16,Madison Heights Lamphere,Port Huron,,
2026-10-16,Mancelona,Oscoda,,
2026-10-16,Marine City,Algonac,,
2026-10-16,Marshall,Coldwater,,
2026-10-16,Marysville,Harrison Township L'Anse Creuse,,
2026-10-16,Mason,Hastings,,
2026-10-16,Mason County Central,Hesperia,,
2026-10-16,McBain,Evart,,
2026-10-16,Melvindale,Dearborn Heights Robichaud,,
2026-10-16,Melvindale Academy for Business & Tech,Southfield Bradford Academy,,
2026-10-16,Menominee,Kingsford,,
2026-10-16,Michigan City (IN),Crown Point (IN),,
2026-10-16,Midland Dow,Lapeer,,
2026-10-16,Milan,Carleton Airport,,
2026-10-16,Milford,White Lake Lakeland,,
2026-10-16,Monroe,Ann Arbor Huron,,
2026-10-16,Monroe St Mary Catholic Central,Monroe Jefferson,,
2026-10-16,Montague,Fremont,,
2026-10-16,Montrose,Birch Run,,
2026-10-16,Mount Clemens,Unionville-Sebewaing,,
2026-10-16,Mount Pleasant,Midland,,
2026-10-16,Mt Morris,Durand,,
2026-10-16,Muskegon Mona Shores,Grand Rapids Forest Hills Northern,,
2026-10-16,Muskegon Orchard View,Muskegon Oakridge,,
2026-10-16,Muskegon Reeths-Puffer,Byron Center,,
2026-10-16,Negaunee,Houghton,,
2026-10-16,New Baltimore Anchor Bay,Sterling Heights Stevenson,,
2026-10-16,New Boston Huron,Flat Rock,,
2026-10-16,Newaygo,Wyoming Godwin Heights,,
2026-10-16,North Branch,Richmond,,
2026-10-16,North Farmington,Farmington,,
2026-10-16,North Muskegon,Ravenna,,
2026-10-16,Northville,Salem,,
2026-10-16,Novi,Dearborn Fordson,,
2026-10-16,Okemos,Haslett,,
2026-10-16,Otisville LakeVille Memorial,New Lothrop,,
2026-10-16,Ottawa Lake Whiteford,Petersburg Summerfield,,
2026-10-16,Ovid-Elsie,Chesaning,,
2026-10-16,Parchment,Lawton,,
2026-10-16,Parma Western,Battle Creek Pennfield,,
2026-10-16,Paw Paw,Three Rivers,,
2026-10-16,Perry,International Academy of Flint,,
2026-10-16,Petoskey,Marquette,,
2026-10-16,Pioneer North Central (OH),Montpelier (OH),,
2026-10-16,Plainwell,Niles,,
2026-10-16,Plymouth,Belleville,,
2026-10-16,Pontiac Notre Dame Prep,Warren Lincoln,,
2026-10-16,Port Huron Northern,Grosse Pointe South,,
2026-10-16,Portage Central,Mattawan,,
2026-10-16,Redford Union,Garden City,,
2026-10-16,Reed City,Boyne City,,
2026-10-16,Reese,Cass City,,
2026-10-16,Remus Chippewa Hills,Central Montcalm,,
2026-10-16,River Rouge,New Market Huron Heights (CN),,
2026-10-16,Rochester Hills Lutheran Northwest,Livonia Clarenceville,,
2026-10-16,Romeo,Roseville,,
2026-10-16,Romulus,Whitmore Lake,,
2026-10-16,Saginaw Heritage,Big Rapids,,
2026-10-16,Saginaw Michigan Lutheran Seminary,Laingsburg,,
2026-10-16,Saginaw Swan Valley,Frankenmuth,,
2026-10-16,Saginaw United,Flint Carman-Ainsworth,,
2026-10-16,Sandusky,Vassar,,
2026-10-16,Saugatuck,Cassopolis,,
2026-10-16,Sault Ste Marie,Alpena,,
2026-10-16,South Lyon East,Walled Lake Western,,
2026-10-16,Spring Lake,Ada Forest Hills Eastern,,
2026-10-16,Springport,Quincy,,
2026-10-16,St Clair Shores South Lake,Madison Heights Madison,,
2026-10-16,St Johns,Gaylord,,
2026-10-16,Sterling Heights,Macomb L'Anse Creuse North,,
2026-10-16,Stockbridge,Vermontville Maple Valley,,
2026-10-16,Sturgeon Bay (WI),Marinette (WI),,
2026-10-16,Sturgis,Otsego,,
2026-10-16,Tawas,Saginaw Valley Lutheran,,
2026-10-16,Taylor,Southgate Anderson,,
2026-10-16,Temperance Bedford,Saline,,
2026-10-16,Toledo Central Catholic (OH),Orchard Lake St Mary's,,
2026-10-16,Toledo St Francis De Sales (OH),Detroit Catholic Central,,
2026-10-16,Toledo Whitmer (OH),Oregon Clay (OH),,
2026-10-16,Traverse City West,Bay City Western,,
2026-10-16,Trenton,Brownstown Woodhaven,,
2026-10-16,Ubly,Millington,,
2026-10-16,Union City,Centreville,,
2026-10-16,Utica Eisenhower,St Clair Shores Lakeview,,
2026-10-16,Utica Ford,St Clair Shores Lake Shore,,
2026-10-16,Vestaburg,Lakeview,,
2026-10-16,Walled Lake Central,South Lyon,,
2026-10-16,Warren Cousino,Warren Fitzgerald,,
2026-10-16,Waterford Mott,Waterford Kettering,,
2026-10-16,Waterford Our Lady of the Lakes,Royal Oak Shrine Catholic,,
2026-10-16,West Unity Hilltop (OH),Edon (OH),,
2026-10-16,White Pigeon,Comstock,,
2026-10-16,Whitehall,Ludington,,
2026-10-16,Windsor Holy Names (CN),Essex (CN),,
2026-10-16,Wyandotte Roosevelt,Cedar Springs,,
2026-10-16,Wyoming,Hudsonville Unity Christian,,
2026-10-16,Ypsilanti Community,Tecumseh,,
2026-10-16,Ypsilanti Lincoln,Chelsea,,
2026-10-16,Zeeland West,Grand Rapids Forest Hills Central,,
2026-10-17,Eureka St. Bernard (CA),McKinleyville (CA),,
2026-10-17,Traverse City St Francis,Manistee,,
2026-10-17,Warren De La Salle Collegiate,Dearborn Divine Child,,
2026-10-17,West Iron County,Iron Mountain,,
2026-10-22,Clawson,Royal Oak,,
2026-10-22,Iron Mountain,Negaunee,,
2026-10-23,Hancock,Houghton,,
2026-10-23,KLAA crossover,Salem,,
2026-10-23,KLAA crossover,Dearborn Fordson,,
2026-10-23,KLAA crossover,Belleville,,
2026-10-23,KLAA crossover,Novi,,
2026-10-23,Bloomfield Hills Brother Rice,Detroit Catholic Central,,
2026-10-23,Ada Forest Hills Eastern,Ypsilanti Community,,
2026-10-23,Adrian,New Boston Huron,,
2026-10-23,Adrian Madison,Tecumseh,,
2026-10-23,Allen Park,Gibraltar Carlson,,
2026-10-23,Allendale,Lowell,,
2026-10-23,Alma,Remus Chippewa Hills,,
2026-10-23,Alpena,Ogemaw Heights,,
2026-10-23,Ann Arbor Father Gabriel Richard,Detroit Country Day,,
2026-10-23,Ann Arbor Huron,Rochester Hills Stoney Creek,,
2026-10-23,Ann Arbor Skyline,Brooklyn Columbia Central,,
2026-10-23,Athol Springs St Francis (NY),Aurora St Andrews (CN),,
2026-10-23,Auburn Hills Avondale,Swartz Creek,,
2026-10-23,Bark River-Harris,Menominee,,
2026-10-23,Battle Creek Harper Creek,Hastings,,
2026-10-23,Battle Creek Lakeview,Battle Creek Central,,
2026-10-23,Battle Creek Pennfield,Marshall,,
2026-10-23,Bay City John Glenn,Mount Pleasant,,
2026-10-23,Bay City Western,Bay City Central,,
2026-10-23,Beal City,Ithaca,,
2026-10-23,Belding,Dowagiac,,
2026-10-23,Big Rapids,Freeland,,
2026-10-23,Birch Run,Sanford Meridian,,
2026-10-23,Birmingham Groves,Ferndale,,
2026-10-23,Blissfield,Addison,,
2026-10-23,Bloomfield Hills,Ann Arbor Pioneer,,
2026-10-23,Boyne City,Sault Ste Marie,,
2026-10-23,Bridgeport,Vassar,,
2026-10-23,Brownstown Woodhaven,Taylor,,
2026-10-23,Burton Atherton,Rochester Hills Lutheran Northwest,,
2026-10-23,Byron Center,Middleville Thornapple Kellogg,,
2026-10-23,Caledonia,Holland West Ottawa,,
2026-10-23,Calumet,L'Anse,,
2026-10-23,Caro,Detroit Edison,,
2026-10-23,Cass City,Ubly,,
2026-10-23,Charlotte,Fowlerville,,
2026-10-23,Cincinnati Moeller (OH),Detroit Martin Luther King,,
2026-10-23,Clare,Petoskey,,
2026-10-23,Clarkston,Muskegon,,
2026-10-23,Clio,Otisville LakeVille Memorial,,
2026-10-23,Coldwater,Parma Western,,
2026-10-23,Coloma,Constantine,,
2026-10-23,Comstock,Gobles,,
2026-10-23,Comstock Park,Grandville Calvin Christian,,
2026-10-23,Corunna,Chesaning,,
2026-10-23,Dearborn Divine Child,Jackson Lumen Christi,,
2026-10-23,Dearborn Edsel Ford,Wyandotte Roosevelt,,
2026-10-23,Delton Kellogg,South Haven,,
2026-10-23,Detroit Cass Tech,New Market Huron Heights (CN),,
2026-10-23,Detroit Central,Detroit Henry Ford,,
2026-10-23,Detroit Douglass,Dearborn Heights Robichaud,,
2026-10-23,Detroit Lincoln-King,Detroit Osborn,,
2026-10-23,Detroit Mumford,Detroit Cody,,
2026-10-23,Detroit Northwestern,Detroit Western,,
2026-10-23,Detroit Renaissance,Hamtramck,,
2026-10-23,Detroit University Prep Science & Math,Detroit Denby,,
2026-10-23,DeWitt,Okemos,,
2026-10-23,Durand,Bath,,
2026-10-23,East Jackson,Bronson,,
2026-10-23,East Jordan,Harbor Springs,,
2026-10-23,East Kentwood,Hudsonville,,
2026-10-23,East Lansing,Lansing Waverly,,
2026-10-23,Eastpointe,Sterling Heights Parkway Christian,,
2026-10-23,Ecorse,Madison Heights Madison,,
2026-10-23,Elk Rapids,Kalkaska,,
2026-10-23,Elkton-Pigeon-Bay Port Laker,Detroit Communication Media Arts,,
2026-10-23,Fenton,North Branch,,
2026-10-23,Flint Carman-Ainsworth,Flint Kearsley,,
2026-10-23,Flint Powers Catholic,Algonac,,
2026-10-23,Flint Southwestern,Burton Bendle,,
2026-10-23,Flushing,Dexter,,
2026-10-23,Frankenmuth,Armada,,
2026-10-23,Frankfort,Oscoda,,
2026-10-23,Fremont,Newaygo,,
2026-10-23,Fruitport,Grand Rapids NorthPointe Christian,,
2026-10-23,Galesburg-Augusta,Cassopolis,,
2026-10-23,Garden City,Almont,,
2026-10-23,Gaylord,Croswell-Lexington,,
2026-10-23,Genesee,Auburn Hills Oakland Christian,,
2026-10-23,Gladstone,Escanaba,,
2026-10-23,Gladwin,Goodrich,,
2026-10-23,Grand Ledge,Temperance Bedford,,
2026-10-23,Grand Rapids Christian,Holland Christian,,
2026-10-23,Grand Rapids Forest Hills Central,East Grand Rapids,,
2026-10-23,Grand Rapids Forest Hills Northern,Grand Rapids Northview,,
2026-10-23,Grand Rapids Kenowa Hills,Coopersville,,
2026-10-23,Grand Rapids South Christian,Grand Rapids Catholic Central,,
2026-10-23,Grand Rapids Union,Detroit East English,,
2026-10-23,Grand Rapids West Catholic,Traverse City St Francis,,
2026-10-23,Grandville,Grand Haven,,
2026-10-23,Grant,Hesperia,,
2026-10-23,Greenville,Cadillac,,
2026-10-23,Grosse Ile,Dundee,,
2026-10-23,Grosse Pointe North,Grosse Pointe South,,
2026-10-23,Hanover-Horton,Monroe St Mary Catholic Central,,
2026-10-23,Harbor Beach,Millington,,
2026-10-23,Harper Woods Chandler Park,Flint Hamady,,
2026-10-23,Harrison,Evart,,
2026-10-23,Hartford,Centreville,,
2026-10-23,Haslett,Kingsley,,
2026-10-23,Hazel Park,Clinton Township Clintondale,,
2026-10-23,Hillsdale,Manchester,,
2026-10-23,Holt,Lansing Everett,,
2026-10-23,Hopkins,Holland,,
2026-10-23,Houghton Lake,Beaverton,,
2026-10-23,Howard City Tri County,Central Montcalm,,
2026-10-23,Hudson,Berrien Springs,,
2026-10-23,Imlay City,Ovid-Elsie,,
2026-10-23,Ionia,Lake Odessa Lakewood,,
2026-10-23,Ishpeming Westwood,Manistique,,
2026-10-23,Jackson Northwest,Jackson,,
2026-10-23,Johannesburg-Lewiston,Manton,,
2026-10-23,Jonesville,Muskegon Catholic Central,,
2026-10-23,Kalamazoo Central,Kalamazoo Loy Norrix,,
2026-10-23,Kent City,Montrose,,
2026-10-23,Kingsford,Marquette,,
2026-10-23,Laingsburg,Carson City-Crystal,,
2026-10-23,Lake City,Mason County Central,,
2026-10-23,Lake Fenton,Richmond,,
2026-10-23,Lake Orion,Saline,,
2026-10-23,Lakeview,St Louis,,
2026-10-23,Lansing Catholic,Pewamo-Westphalia,,
2026-10-23,Lansing Sexton,Lansing Eastern,,
2026-10-23,Lapeer,Davison,,
2026-10-23,LeRoy Pine River,Morley Stanwood,,
2026-10-23,Leslie,Buchanan,,
2026-10-23,Lincoln Park,Trenton,,
2026-10-23,Linden,Chelsea,,
2026-10-23,Livonia Churchill,Farmington,,
2026-10-23,Livonia Clarenceville,Dearborn Heights Annapolis,,
2026-10-23,Lutheran Westland,Southfield Bradford Academy,,
2026-10-23,Macomb Dakota,Grand Blanc,,
2026-10-23,Macomb L'Anse Creuse North,New Baltimore Anchor Bay,,
2026-10-23,Macomb Lutheran North,Flat Rock,,
2026-10-23,Madison Heights Lamphere,Riverview,,
2026-10-23,Mancelona,Benzie Central,,
2026-10-23,Manistee,Ludington,,
2026-10-23,Marysville,Marine City,,
2026-10-23,Mason,Harper Woods,,
2026-10-23,McBain,Fowler,,
2026-10-23,Melvindale Academy for Business & Tech,Saginaw Nouvel Catholic Central,,
2026-10-23,Michigan Center,Mattawan,,
2026-10-23,Midland,Midland Dow,,
2026-10-23,Midland Bullock Creek,Saginaw Swan Valley,,
2026-10-23,Milan,Grass Lake,,
2026-10-23,Milford,Walled Lake Western,,
2026-10-23,Monroe,Rochester,,
2026-10-23,Monroe Jefferson,Clinton,,
2026-10-23,Mount Pleasant Sacred Heart,Flint Beecher,,
2026-10-23,Mt Morris,Hemlock,,
2026-10-23,Napoleon,Onsted,,
2026-10-23,New Haven,Sterling Heights,,
2026-10-23,Niles,Edwardsburg,,
2026-10-23,North Muskegon,Muskegon Oakridge,,
2026-10-23,Olivet,Homer,,
2026-10-23,Orchard Lake St Mary's,Detroit U of D Jesuit,,
2026-10-23,Ortonville Brandon,Pontiac,,
2026-10-23,Otsego,Plainwell,,
2026-10-23,Owosso,Essexville Garber,,
2026-10-23,Oxford,Romeo,,
2026-10-23,Parchment,Allegan,,
2026-10-23,Petersburg Summerfield,Erie Mason,,
2026-10-23,Pinckney,Ida,,
2026-10-23,Pinconning,Carrollton,,
2026-10-23,Pontiac Notre Dame Prep,Flint New Standard Academy,,
2026-10-23,Port Huron,Port Huron Northern,,
2026-10-23,Portland,Hudsonville Unity Christian,,
2026-10-23,Quincy,Reading,,
2026-10-23,Ravenna,Montague,,
2026-10-23,Redford Thurston,Williamston,,
2026-10-23,Redford Union,Detroit Voyageur College Prep,,
2026-10-23,River Rouge,Muskegon Mona Shores,,
2026-10-23,Rochester Adams,Oak Park,,
2026-10-23,Rockford,Jenison,,
2026-10-23,Romulus,Arts & Technology Academy of Pontiac,,
2026-10-23,Romulus Summit Academy North,Detroit Southeastern,,
2026-10-23,Roseville,Warren Fitzgerald,,
2026-10-23,Saginaw Michigan Lutheran Seminary,Reese,,
2026-10-23,Saginaw United,Saginaw Heritage,,
2026-10-23,Saginaw Valley Lutheran,Unionville-Sebewaing,,
2026-10-23,Sand Creek,Ottawa Lake Whiteford,,
2026-10-23,Saugatuck,Benton Harbor,,
2026-10-23,Schoolcraft,Lawton,,
2026-10-23,Shelby,Muskegon Orchard View,,
2026-10-23,Shepherd,Grayling,,
2026-10-23,South Lyon,Livonia Stevenson,,
2026-10-23,Southfield Arts & Technology,Clinton Township Chippewa Valley,,
2026-10-23,Southgate Anderson,Carleton Airport,,
2026-10-23,Sparta,Cedar Springs,,
2026-10-23,Spring Lake,Zeeland West,,
2026-10-23,St Clair,Fraser,,
2026-10-23,St Clair Shores Lake Shore,Warren Cousino,,
2026-10-23,St Johns,Ypsilanti Lincoln,,
2026-10-23,St Joseph,Portage Central,,
2026-10-23,Standish-Sterling,Reed City,,
2026-10-23,Sterling Heights Stevenson,St Clair Shores Lakeview,,
2026-10-23,Stevensville Lakeshore,Portage Northern,,
2026-10-23,Stockbridge,Springport,,
2026-10-23,Tawas,Maple City Glen Lake,,
2026-10-23,Three Rivers,Sturgis,,
2026-10-23,Toledo St Francis De Sales (OH),Toledo St John's Jesuit (OH),,
2026-10-23,Traverse City Central,Traverse City West,,
2026-10-23,Troy,Waterford Mott,,
2026-10-23,Troy Athens,Berkley,,
2026-10-23,Utica,Birmingham Seaholm,,
2026-10-23,Vandercook Lake,Perry,,
2026-10-23,Vermontville Maple Valley,Union City,,
2026-10-23,Vestaburg,International Academy of Flint,,
2026-10-23,Vicksburg,Paw Paw,,
2026-10-23,Walled Lake Central,Livonia Franklin,,
2026-10-23,Walled Lake Northern,North Farmington,,
2026-10-23,Warren De La Salle Collegiate,Toledo Central Catholic (OH),,
2026-10-23,Warren Lincoln,Center Line,,
2026-10-23,Warren Mott,Utica Ford,,
2026-10-23,Warren Woods Tower,St Clair Shores South Lake,,
2026-10-23,Waterford Kettering,Harrison Township L'Anse Creuse,,
2026-10-23,Watervliet,Kalamazoo Hackett Catholic Prep,,
2026-10-23,Wayland,Grand Rapids Ottawa Hills,,
2026-10-23,West Bloomfield,Utica Eisenhower,,
2026-10-23,West Iron County,Gwinn,,
2026-10-23,White Cloud,Saranac,,
2026-10-23,White Lake Lakeland,South Lyon East,,
2026-10-23,White Pigeon,Decatur,,
2026-10-23,Whitehall,Muskegon Reeths-Puffer,,
2026-10-23,Whitmore Lake,Melvindale,,
2026-10-23,Windsor Holy Names (CN),Windsor St Joseph Catholic (CN),,
2026-10-23,Wyoming,Hart,,
2026-10-23,Wyoming Kelloggsville,Wyoming Godwin Heights,,
2026-10-23,Yale,Holly,,
2026-10-23,Zeeland East,Hamilton,,
2026-10-24,Detroit Leadership Academy,Detroit Pershing,,
2026-10-24,Detroit University Prep,Sandusky,,
2026-10-24,Eureka St. Bernard (CA),Crescent City Del Notre (CA),,
2026-10-24,Mount Clemens,Niles Brandywine,,
2026-10-24,Warren Michigan Collegiate,Eaton Rapids,,
